DepMap_ID,cell_line_name,CELL_LINE_NAME,alias,COSMIC_ID,sample_collection_site,Sanger_Model_ID
ACH-000016,SLR 21,SLR21,,,kidney,
ACH-000032,MHH-CALL-3,MHHCALL3,,,bone_marrow,
ACH-000033,NCI-H1819,NCIH1819,,,lymph_node,
ACH-000043,Hs 895.T,HS895T,,,fibroblast,
ACH-000049,HEK TE,HEKTE,,,kidney,
ACH-000051,TE 617.T,TE617T,,,soft_tissue,
ACH-000064,SALE,SALE,,,lung,
ACH-000068,REC-1,REC1,,,lymph_node,
ACH-000071,,HS706T,,,fibroblast,
ACH-000076,NCO2,NCO2,,,haematopoietic_and_lymphoid_tissue,
ACH-000077,MJ,MJ,,,haematopoietic_and_lymphoid_tissue,
ACH-000079,TE 125.T,TE125T,,,fibroblast,
ACH-000084,,MUTZ3,MUTZ3,,haematopoietic_and_lymphoid_tissue,
ACH-000089,NCI-H684,NCIH684,,,liver,
ACH-000093,Panc 05.04,PANC0504,,,pancreas,
ACH-000110,NCC-StC-K140,NCCSTCK140,,,stomach,
ACH-000119,Hs 863.T,HS863T,,,fibroblast,
ACH-000122,SUP-T11,SUPT11,,,bone_marrow,
ACH-000125,TO 175.T,TO175T,,,lymph_node,
ACH-000130,NALM-19,NALM19,,,haematopoietic_and_lymphoid_tissue,
ACH-000140,Pfeiffer,PFEIFFER,,,pleural_effusion,
ACH-000154,HS888T,HS888T,,,fibroblast,
ACH-000158,OCI-LY3,OCILY3,,,bone_marrow,
ACH-000165,,HS751T,,,fibroblast,
ACH-000166,Kasumi-6,KASUMI6,,,haematopoietic_and_lymphoid_tissue,
ACH-000170,PrEC LH,PRECLH,,,prostate,
ACH-000172,TM-87,TM87,TM87,,pleural_effusion,
ACH-000173,JHUEM-3,JHUEM3,,,endometrium,
ACH-000175,,TE159T,,,fibroblast,
ACH-000179,NCI-H1618,NCIH1618,,,bone_marrow,
ACH-000180,Hs 839.T,HS839T,,,fibroblast,
ACH-000185,,HS737T,,,fibroblast,
ACH-000194,Hs 934.T,HS934T,,,fibroblast,
ACH-000205,PK-59,PK59,,,liver,
ACH-000216,JH-EsoAd1,JHESOAD1,,,oesophagus,
ACH-000220,Mino,MINO,,,haematopoietic_and_lymphoid_tissue,
ACH-000224,,HS819T,,,fibroblast,
ACH-000229,,HS822T,Hs 822.T,,fibroblast,
ACH-000230,Hs 742.T,HS742T,,,fibroblast,
ACH-000239,HuG1-N,HUG1N,,,stomach,
ACH-000241,JK-1,JK1,,,haematopoietic_and_lymphoid_tissue,
ACH-000275,,HS834T,,,lymph_node,
ACH-000284,,HS840T,,,fibroblast,
ACH-000285,Toledo,TOLEDO,,,haematopoietic_and_lymphoid_tissue,
ACH-000288,BT-549,BT549,,905951,breast,SIDM00122
ACH-000297,NCI-H889,NCIH889,,,lymph_node,
ACH-000300,,SLR25,,,kidney,
ACH-000313,KMRC-3,KMRC3,,,kidney,
ACH-000321,MOLM-6,MOLM6,,,haematopoietic_and_lymphoid_tissue,
ACH-000325,SNU-620,SNU620,,,ascites,
ACH-000328,LN-215,LN215,,,central_nervous_system,
ACH-000333,JHOM-2B,JHOM2B,,,ovary,
ACH-000340,Hs 870.T,HS870T,,,fibroblast,
ACH-000385,SK-RC-20,SKRC20,,,kidney,
ACH-000388,NU-DHL-1,NUDHL1,,,lymph_node,
ACH-000398,RI-1,RI1,,,haematopoietic_and_lymphoid_tissue,
ACH-000413,,HS739T,,,fibroblast,
ACH-000418,SW 1353,SW1353,,,bone,
ACH-000419,KMS-28BM,KMS28BM,,,haematopoietic_and_lymphoid_tissue,
ACH-000453,MOLP-2,MOLP2,,,haematopoietic_and_lymphoid_tissue,
ACH-000455,LN-428,LN428,,,central_nervous_system,
ACH-000462,NALM-1,NALM1,,,haematopoietic_and_lymphoid_tissue,
ACH-000467,HCC-56,HCC56,,1290907,large_intestine,SIDM00597
ACH-000492,MUTZ-5,MUTZ5,,,haematopoietic_and_lymphoid_tissue,
ACH-000494,OELE,OELE,OEL(E),,ovary,
ACH-000513,SNU-1272,SNU1272,,,kidney,
ACH-000523,NCI-H1184,NCIH1184,H1184,,lymph_node,
ACH-000526,Hs 821.T,HS821T,,,fibroblast,
ACH-000529,T1-73,T173,,,fibroblast,
ACH-000531,,RS5,,,fibroblast,
ACH-000533,NCI-H2004 RT,NCIH2004RT,,,soft_tissue,
ACH-000553,Sq-1,SQ1,,,lung,
ACH-000564,KHM-1B,KHM1B,,,pleural_effusion,
ACH-000598,KMS-21BM,KMS21BM,,,haematopoietic_and_lymphoid_tissue,
ACH-000602,M-07e,M07E,,,haematopoietic_and_lymphoid_tissue,
ACH-000612,,HUT102,,,lymph_node,
ACH-000629,,IOMMLEE,IOMM-LEE,,central_nervous_system,
ACH-000634,LN-340,LN340,,,central_nervous_system,
ACH-000635,SNU-119,SNU119,,,ascites,
ACH-000642,HMEL,HMEL,,,breast,
ACH-000645,JL-1,JL1,,,pleura,
ACH-000685,L3.3,L33,,,lymph_node,
ACH-000709,KMRC-2,KMRC2,,,kidney,
ACH-000710,NCI-H854,NCIH854,,,lung,
ACH-000723,YD-10B,YD10B,,,upper_aerodigestive_tract,
ACH-000726,TE-14,TE14,,,oesophagus,
ACH-000728,KASUMI-2,KASUMI2,,,bone_marrow,
ACH-000737,NCI-H1385,NCIH1385,,,lymph_node,
ACH-000741,U-BLC1,UBLC1,,,urinary_tract,
ACH-000761,NUGC-2,NUGC2,,,lymph_node,
ACH-000797,HLF-a,HLFA,,,fibroblast,
ACH-000801,Hs 936.T,HS936T,,,skin,
ACH-000808,HuH28,HUH28,,,biliary_tract,
ACH-000813,T3M-10,T3M10,,,lung,
ACH-000837,NCI-H322,NCIH322,,,lung,SIDM00117
ACH-000845,NCI-H1373,NCIH1373,,,lung,
ACH-000850,Hs 698.T,HS698T,,,soft_tissue,
ACH-000854,OCI-MY5,OCIMY5,,,haematopoietic_and_lymphoid_tissue,
ACH-000870,NCI-H1930,NCIH1930,,,lymph_node,
ACH-000899,WM-88,WM88,,,skin,
ACH-000904,NCI-H2106,NCIH2106,,,lymph_node,
ACH-000908,SNU-520,SNU520,,,stomach,
ACH-000909,JHUEM-2,JHUEM2,,,endometrium,
ACH-000952,MDA PCa 2b,MDAPCA2B,,,bone,
ACH-001000,,1321N1,,,central_nervous_system,
ACH-001007,A673STAG2KO16,A673STAG2KO16,A673-STAG2-KO-16,,soft_tissue,
ACH-001008,A673STAG2KO45,A673STAG2KO45,A673-STAG2-KO-45,,soft_tissue,
ACH-001009,A673STAG2NT14,A673STAG2NT14,A673-STAG2-NT-14,,soft_tissue,
ACH-001010,A673STAG2NT23,A673STAG2NT23,A673-STAG2-NT-23,,soft_tissue,
ACH-001015,,AZ521,,,small_intestine,
ACH-001017,,BGC823,,,cervix,
ACH-001018,BJ hTERT,BJHTERT,,,fibroblast,
ACH-001037,CMK-86,CMK86,,,haematopoietic_and_lymphoid_tissue,
ACH-001042,COLO-704,COLO704,,,ascites,
ACH-001043,,COLO775,,,haematopoietic_and_lymphoid_tissue,
ACH-001045,,COLO849,,,lymph_node,
ACH-001047,,CORL51,,,pleural_effusion,
ACH-001052,D384,D384,,,central_nervous_system,
ACH-001055,D556,D556,,,central_nervous_system,
ACH-001066,,EWS834,,,bone,
ACH-001071,,GLC82,GLC-82,,cervix,
ACH-001078,HCC-1588,HCC1588,,,lung,
ACH-001079,,HCC1897,,,lung,
ACH-001087,HK-2,HK2,,,kidney,
ACH-001088,,HLC1,HLC-1,,pleural_effusion,
ACH-001093,,HS604T,,,lymph_node,
ACH-001097,,KARPAS384,,,haematopoietic_and_lymphoid_tissue,
ACH-001098,KCI-MOH1,KCIMOH1,,,pancreas,
ACH-001099,KD,KD,,,soft_tissue,
ACH-001100,,KHYG,"KHYG1, KHYG-1",,haematopoietic_and_lymphoid_tissue,
ACH-001109,KP-MRT-RY,KPMRTRY,,,soft_tissue,
ACH-001122,,MKL1,MKL-1,,lymph_node,
ACH-001123,,MKL2,MKL-2,,skin,
ACH-001130,MOTN-1,MOTN1,,,haematopoietic_and_lymphoid_tissue,
ACH-001132,,MTA,,,haematopoietic_and_lymphoid_tissue,
ACH-001134,MYLA,MYLA,,,haematopoietic_and_lymphoid_tissue,
ACH-001142,NHAHTDD,NHAHTDD,,,central_nervous_system,
ACH-001143,,NKL,,,haematopoietic_and_lymphoid_tissue,
ACH-001144,,OC315,,,ovary,
ACH-001146,,OCILY10,OCI-LY10,,lymph_node,
ACH-001147,,OCILY12,,,lymph_node,
ACH-001148,OCILY-13,OCILY132,,,bone_marrow,
ACH-001150,OUMS-27,OUMS27,,,bone,
ACH-001162,PCM6,PCM6,,,haematopoietic_and_lymphoid_tissue,
ACH-001163,Peds005T Susp,CCLFPEDS0001T,,,kidney,
ACH-001164,CCLF_PEDS_0003_T,CCLFPEDS0003T,,,soft_tissue,
ACH-001170,,PETA,,,skin,
ACH-001172,U-251 MG,U251MGDM,,,central_nervous_system,
ACH-001175,RCC-4,RCC4,,,kidney,
ACH-001187,,SF8657,,,skin,
ACH-001194,SK-RC 31,SKRC31,,,lung,
ACH-001197,,SMZ1,SMZ-1,,ascites,
ACH-001200,STM91-01,STM9101,,,lung,
ACH-001201,SU-MB-002,SUMB002,SUMB002,,central_nervous_system,
ACH-001206,,TTC466,,,bone,
ACH-001207,TIG-3 TD,TIG3TD,,,fibroblast,
ACH-001224,,UMRC2,,,kidney,
ACH-001225,,UMRC6NEO,,,kidney,
ACH-001229,UPCI-SCC-154,UPCISCC154,"UPCISCC154, UPCI:SCC154",,upper_aerodigestive_tract,
ACH-001230,,UT7,,,bone_marrow,
ACH-001234,VMRC-LCP,VMRCLCP,,,lung,
ACH-001272,Fuji,FUJI,,,soft_tissue,
ACH-001279,SCCOHT-1,SCCOHT1,,,ovary,
ACH-001282,CHLA258,CHLA258,,,bone,
ACH-001310,HA1E,HA1E,,,kidney,
ACH-001347,H157,H157,,,upper_aerodigestive_tract,
ACH-001356,MB-1,MB1,,,thyroid,
ACH-001357,MCF 10A,MCF10A,,,breast,
ACH-001366,NGP,NGP,,,lung,
ACH-001370,OCI-P5x,OCIP5X,,,ovary,
ACH-001388,SUM-102PT,SUM102PT,,,breast,
ACH-001389,SUM-1315MO2,SUM1315MO2,,,skin,
ACH-001393,SUM-190PT,SUM190PT,,,breast,
ACH-001395,SUM-44PE,SUM44PE,,,pleural_effusion,
ACH-001397,SUM225CWN,SUM225CWN,,,breast,
ACH-001410,UM-UC-4,UMUC4,,,lymph_node,
ACH-001411,UM-UC-5,UMUC5,,,urinary_tract,
ACH-001419,VP229,VP229,VP229,,breast,
ACH-001422,WPE1-NA22,WPE1NA22,,,prostate,
ACH-001433,CCLF_PEDS_0008_T,CCLFPEDS0008T,,,soft_tissue,
ACH-001441,92-1,921,,,uvea,
ACH-001495,EMTOKA,EMTOKA,,,endometrium,
ACH-001509,H357,H357,,,upper_aerodigestive_tract,
ACH-001510,H376,H376,,,upper_aerodigestive_tract,
ACH-001511,H413,H413,,,upper_aerodigestive_tract,
ACH-001513,HCA-1,HCA1,,,cervix,
ACH-001514,HCC1008,HCC1008,,,lymph_node,
ACH-001515,HCS-2,HCS2,,,cervix,
ACH-001516,HCSC-1,HCSC1,,,ascites,
ACH-001518,HEC-116,HEC116,,,endometrium,
ACH-001520,HG-3,HG3,,,haematopoietic_and_lymphoid_tissue,
ACH-001524,HSC-5,HSC5,,,skin,
ACH-001533,KARPAS 1718,KARPAS1718,,,haematopoietic_and_lymphoid_tissue,
ACH-001538,KKU-213,KKU213,KKU-M213,,biliary_tract,
ACH-001539,KML-1,KML1,,,pleural_effusion,
ACH-001540,KMLS-1,KMLS1,,,soft_tissue,
ACH-001541,KMS-28PE,KMS28PE,,,pleural_effusion,
ACH-001547,LO68,LO68,,,pleural_effusion,
ACH-001548,LS,LS,,,autonomic_ganglia,
ACH-001555,Mero-14,MERO14,,,pleural_effusion,
ACH-001556,Mero-25,MERO25,,,pleural_effusion,
ACH-001557,Mero-41,MERO41,,,pleural_effusion,
ACH-001558,Mero-48a,MERO48A,,,pleural_effusion,
ACH-001559,Mero-82,MERO82,,,pleural_effusion,
ACH-001560,Mero-83,MERO83,,,pleural_effusion,
ACH-001561,Mero-84,MERO84,,,pleural_effusion,
ACH-001562,Mero-95,MERO95,,,pleural_effusion,
ACH-001569,MM415,MM415,,,lymph_node,
ACH-001573,MOLM-1,MOLM1,,,bone_marrow,
ACH-001577,MUTZ-8,MUTZ8,,,haematopoietic_and_lymphoid_tissue,
ACH-001607,NOZ,NOZ,,,ascites,
ACH-001608,NP 2,NP2,,,central_nervous_system,
ACH-001609,NP 3,NP3,,,central_nervous_system,
ACH-001610,NP 5,NP5,,,central_nervous_system,
ACH-001613,OCI-AML4,OCIAML4,,,haematopoietic_and_lymphoid_tissue,
ACH-001616,OCI-LY18,OCILY18,,,pleural_effusion,
ACH-001618,OCI-M2,OCIM2,,,haematopoietic_and_lymphoid_tissue,
ACH-001619,OCUG-1,OCUG1,,,ascites,
ACH-001622,Onda 7,ONDA7,,,central_nervous_system,
ACH-001623,Onda 8,ONDA8,,,central_nervous_system,
ACH-001624,Onda 9,ONDA9,,,central_nervous_system,
ACH-001627,P4E6,P4E6,,,prostate,
ACH-001634,PGA-1,PGA1,,,haematopoietic_and_lymphoid_tissue,
ACH-001647,SHI-1,SHI1,,,bone_marrow,
ACH-001648,Shmac 4,SHMAC4,,,prostate,
ACH-001649,Shmac 5,SHMAC5,,,prostate,
ACH-001651,SKG-I,SKGI,,,endometrium,
ACH-001652,SKG-II,SKGII,,,endometrium,
ACH-001656,SKNO-1,SKNO1,,,bone_marrow,
ACH-001664,SNU-638,SNU638,,,ascites,
ACH-001668,SUSA,SUSA,,,Embryonal,
ACH-001675,TR146,TR146,,,lymph_node,
ACH-001685,U-HO1,UHO1,,,pleural_effusion,
ACH-001687,UM-RC-3,UMRC3,,,kidney,
ACH-001688,UM-RC-7,UMRC7,,,kidney,
ACH-001690,UPCI-SCC-026,UPCISCC026,,,upper_aerodigestive_tract,
ACH-001692,UPCI-SCC-040,UPCISCC040,,,upper_aerodigestive_tract,
ACH-001694,UPCI-SCC-074,UPCISCC074,,,upper_aerodigestive_tract,
ACH-001696,UPCI-SCC-111,UPCISCC111,,,upper_aerodigestive_tract,
ACH-001698,UPCI-SCC-116,UPCISCC116,,,upper_aerodigestive_tract,
ACH-001699,UPCI-SCC-131,UPCISCC131,,,upper_aerodigestive_tract,
ACH-001701,UPCI-SCC-200,UPCISCC200,,,upper_aerodigestive_tract,
ACH-001707,WA-OSEL,WAOSEL,,,haematopoietic_and_lymphoid_tissue,
ACH-001712,Hs 860.T,HS860T,"HS-860, HS860",,bone,
ACH-001719,OCI-C4P,OCIC4P,,,ovary,
ACH-001743,RC2,RC2,,,soft_tissue,
ACH-001767,CCLF_PEDS_0018_T,CCLFPEDS0018T,,,fibroblast,
ACH-001786,SNU-1544,SNU1544,,,large_intestine,
ACH-001791,LPS6,LPS6,,,soft_tissue,
ACH-001793,LPS27,LPS27,,,soft_tissue,
ACH-001794,93T449,93T449,,,soft_tissue,
ACH-001795,94T778,94T778,,,soft_tissue,
ACH-001796,95T1000,95T1000,,,soft_tissue,
ACH-001799,LPS141,LPS141,,,soft_tissue,
ACH-001802,LPS853,LPS853,,,soft_tissue,
ACH-001804,LPS510,LPS510,,,soft_tissue,
ACH-001807,LPS067,LPS067,,,soft_tissue,
ACH-001814,OS252,OS252,,,bone,
ACH-001818,C396,C396,,,bone,
ACH-001825,SW527,SW527,,,lymph_node,
ACH-001827,184B5,184B5,HMEC-184B5,,breast,
ACH-001834,ICC10,ICC10,,,biliary_tract,
ACH-001835,ICC10-6,ICC106,,,biliary_tract,
ACH-001836,ICC10-8,ICC108,,,biliary_tract,
ACH-001838,ICC12,ICC12,,,biliary_tract,
ACH-001839,ICC13-7,ICC137,ICC13,,biliary_tract,
ACH-001841,ICC15,ICC15,,,biliary_tract,
ACH-001842,ICC2,ICC2,,,biliary_tract,
ACH-001843,ICC3,ICC3,,,biliary_tract,
ACH-001844,ICC4,ICC4,,,biliary_tract,
ACH-001845,ICC5,ICC5,,,biliary_tract,
ACH-001846,ICC6,ICC6,,,biliary_tract,
ACH-001848,ICC8,ICC8,,,biliary_tract,
ACH-001849,ICC9,ICC9,,,biliary_tract,
ACH-001850,G415,G415,,,ascites,
ACH-001852,HKGZ-CC,HKGZCC,,,biliary_tract,
ACH-001853,KMCH-1,KMCH1,,,biliary_tract,
ACH-001856,RBE,RBE,,,biliary_tract,
ACH-001857,SG231,SG231,,,biliary_tract,
ACH-001862,TGBC52TKB,TGBC52TKB,TGBC52TKB,,lymph_node,
ACH-001863,TKKK,TKKK,TKKK,,biliary_tract,
ACH-001864,YSCCC,YSCCC,YSCCC,,ascites,
ACH-001955,Jhc-7,JHC7,,,bone,
ACH-001959,CC-LP-1,CCLP1,,,biliary_tract,
ACH-001960,CC-SW-1,CCSW1,,,biliary_tract,
ACH-001961,GB2,GB2,EHGB2,,biliary_tract,
ACH-001970,MM253,MM253,"MM 253, MM-253",,lymph_node,
ACH-001973,MM485,MM485,"MM 485, MM-485",,lymph_node,
ACH-001977,NO36,NO36,"NO 36, NO-36",,pleural_effusion,
ACH-001982,NZM3,NZM3,"NZM 3, NZM-3",,lymph_node,
ACH-001991,NZOV9,NZOV9,"NZOV 9, NZOV-9",,ovary,
ACH-001992,ONE58,ONE58,"ONE 58, ONE-58",,pleural_effusion,
ACH-001993,NALM-16,NALM16,"NALM-16, Nalm-16",,haematopoietic_and_lymphoid_tissue,
ACH-001997,ECC2,ECC2,,,biliary_tract,
ACH-001999,950-5-BIK,9505BIK,,,pancreas,
ACH-002001,A375 SKIN CJ1,A375SKINCJ1,A375 RMR,,skin,
ACH-002002,A375 SKIN CJ2,A375SKINCJ2,A375 ER-2,,skin,
ACH-002003,A375 SKIN CJ3,A375SKINCJ3,A375 RMR SCH 0.25,,skin,
ACH-002004,UACC62 SKIN CJ1,UACC62SKINCJ1,UACC62 RMR,,skin,
ACH-002011,MP46,MP46,,,uvea,
ACH-002014,Mel270,MEL270,,,uvea,
ACH-002015,Mel285,MEL285,,,uvea,
ACH-002016,Mel290,MEL290,,,uvea,
ACH-002017,Omm1,OMM1,,,skin,
ACH-002018,Omm2.5,OMM25,,,liver,
ACH-002019,HOKUG,HOKUG,,,cervix,
ACH-002021,T3M-3,T3M3,,,Placenta,
ACH-002023,TGBC18TKB,TGBC18TKB,,,large_intestine,
ACH-002025,TT1TKB,TT1TKB,,,large_intestine,
ACH-002026,HHUA,HHUA,,,endometrium,
ACH-002027,HOUA-I,HOUAI,,,endometrium,
ACH-002038,HSKTC,HSKTC,,,ovary,
ACH-002039,PK-8,PK8,,,liver,
ACH-002041,HOTHC,HOTHC,,,thyroid,
ACH-002042,T3M-5,T3M5,,,thyroid,
ACH-002044,HSQ-89,HSQ89,,,upper_aerodigestive_tract,
ACH-002046,HTMMT,HTMMT,,,endometrium,
ACH-002048,RMS-YM,RMSYM,,,soft_tissue,
ACH-002055,TL-1,TL1,,,haematopoietic_and_lymphoid_tissue,
ACH-002061,P2UR/K-562,P2URK562,,,pleural_effusion,
ACH-002065,HS-PSS,HSPSS,,,prostate,
ACH-002066,HS-Sch-2,HSSCH2,,,central_nervous_system,
ACH-002069,HS-Os-1,HSOS1,,,bone,
ACH-002080,TN-2,TN2,,,autonomic_ganglia,
ACH-002085,HS-SY-II,HSSYII,,,lung,
ACH-002287,NCI-H630,NCIH630,,908482,large_intestine,
ACH-002319,184A1,184A1,,,breast,
ACH-002320,600MPE,600MPE,,,pleural_effusion,
ACH-002321,HBL100,HBL100,,,,
ACH-002322,HCC2185,HCC2185,,,pleural_effusion,
ACH-002323,HCC2688,HCC2688,,,breast,
ACH-002324,HCC3153,HCC3153,,,breast,
ACH-002325,LY2,LY2,,,breast,
ACH-002326,MACLS2,MACLS2,,,pleural_effusion,
ACH-002327,MCF12A,MCF12A,,,breast,
ACH-002328,MX1,MX1,,,breast,
ACH-002329,SKBR5,SKBR5,,,breast,
ACH-002330,SKBR7,SKBR7,,,breast,
ACH-002331,ZR75B,ZR75B,,,ascites,
ACH-002332,GISTT1,GISTT1,,,pleural_effusion,
ACH-002333,HCC827GR,HCC827GR,,,lung,
ACH-002334,SS1A,SS1A,,,soft_tissue,
ACH-002342,BB30PBL,BB30PBL,,,matched_normal_tissue,
ACH-002343,BB49EBV,BB49EBV,,,matched_normal_tissue,
ACH-002344,BB65EBV,BB65EBV,,,matched_normal_tissue,
ACH-002346,CP50EBV,CP50EBV,,,matched_normal_tissue,
ACH-002347,CP66EBV,CP66EBV,,,matched_normal_tissue,
ACH-002348,DIPG007,DIPG007,,,matched_normal_tissue,
ACH-002349,GBM001,GBM001,,,matched_normal_tissue,
ACH-002350,HA7EBV,HA7EBV,,,matched_normal_tissue,
ACH-002351,L542,L542,,,matched_normal_tissue,
ACH-002352,LB1047EBV,LB1047EBV,,,matched_normal_tissue,
ACH-002353,LB2241EBV,LB2241EBV,,,matched_normal_tissue,
ACH-002354,LB2518EBV,LB2518EBV,,,matched_normal_tissue,
ACH-002355,LB373EBV,LB373EBV,,,matched_normal_tissue,
ACH-002356,LB647PBL,LB647PBL,,,matched_normal_tissue,
ACH-002357,LB771PBL,LB771PBL,,,matched_normal_tissue,
ACH-002358,LB831EBV,LB831EBV,,,matched_normal_tissue,
ACH-002360,MZ1B,MZ1B,,,matched_normal_tissue,
ACH-002361,MZ7B,MZ7B,,,matched_normal_tissue,
ACH-002362,NCIBL128,NCIBL128,,,matched_normal_tissue,
ACH-002364,NCIBL1437,NCIBL1437,,,matched_normal_tissue,
ACH-002376,LS1034-PBL,LS1034PBL,,,matched_normal_tissue,
ACH-002379,J82EBV,J82EBV,,,matched_normal_tissue,
ACH-002392,SC-1,SC1,Sci-1,,ascites,SIDM00030
ACH-002399,21NT,21NT,,,breast,
ACH-002446,CCLF_UPGI_0005_T,CCLFUPGI0005T,,,pleura,
ACH-002458,HT144 SKIN FV1,HT144SKINFV1,HT144_Dab,,skin,
ACH-002459,HT144 SKIN FV3,HT144SKINFV3,HT144_Dab_Tram,,skin,
ACH-002460,HT144 SKIN FV2,HT144SKINFV2,HTT144_Dab_Rox,,skin,
ACH-002461,RVH421 SKIN FV1,RVH421SKINFV1,RVH421_Dab,,central_nervous_system,
ACH-002462,RPE1-ss48,RPE1SS48,,,eye,
ACH-002463,RPE1-ss77,RPE1SS77,,,eye,
ACH-002464,RPE1-ss6,RPE1SS6,,,eye,
ACH-002465,RPE1-ss119,RPE1SS119,,,eye,
ACH-002466,RPE1-ss111,RPE1SS111,,,eye,
ACH-002467,RPE1-ss51,RPE1SS51,,,eye,
ACH-002471,PSS008,PSS008,"OS052, OS052CL",,bone,
ACH-002475,HAP1,HAP1,,,bone_marrow,
ACH-002508,WM3211,WM3211,,,lymph_node,
ACH-002509,WM4235,WM4235,,,skin,
ACH-002510,M040416,M040416,,,skin,
ACH-002511,M140325,M140325,,,skin,
ACH-002512,MM160113,MM160113,M160113,,skin,
ACH-002647,CCC-5,CCC5,,,pleural_effusion,
ACH-002659,JVE-127,JVE127,,,Colon,
ACH-002664,JVE-253,JVE253,,,liver,
ACH-002669,KP-363T,KP363T,,,Colon,
ACH-002672,MAPAC-HS-77,MAPACHS77,,,pancreas,
ACH-002680,170-MG-BA,170MGBA,,,central_nervous_system,
ACH-002687,WM3772F,WM3772F,,,lung,
ACH-002693,S462,S462,,,,
ACH-002710,MPNST-724,MPNST724,MPNST-724,,soft_tissue,
ACH-002785,NCC-LMS1-C1,NCCLMS1C1,,,bone,
ACH-002800,NCC-MPNST2-C1,NCCMPNST2C1,,,,
ACH-002834,PSS131R,PSS131R,,,bone,
ACH-002847,YUHOIN 06-50,YUHOIN0650,,,sinonasal,
ACH-002874,A375_RPMI,A375RPMI,,,skin,
ACH-002875,RVH421_RPMI,RVH421RPMI,,,central_nervous_system,
ACH-002926,UPMD1,UPMD1,,,eye,
ACH-000001,NIH:OVCAR-3,NIHOVCAR3,OVCAR3,905933,ascites,SIDM00105
ACH-000002,HL-60,HL60,,905938,haematopoietic_and_lymphoid_tissue,SIDM00829
ACH-000003,CACO2,CACO2,"CACO2, CaCo-2",,Colon,SIDM00891
ACH-000004,HEL,HEL,,907053,haematopoietic_and_lymphoid_tissue,SIDM00594
ACH-000005,HEL 92.1.7,HEL9217,,,bone_marrow,SIDM00593
ACH-000006,MONO-MAC-6,MONOMAC6,,908148,haematopoietic_and_lymphoid_tissue,SIDM01023
ACH-000007,LS513,LS513,,907795,large_intestine,SIDM00677
ACH-000008,A101D,A101D,,910921,skin,SIDM00801
ACH-000009,C2BBe1,C2BBE1,,910700,Colon,SIDM01233
ACH-000011,253J,253J,,,lymph_node,
ACH-000012,HCC827,HCC827,,1240146,lung,SIDM01067
ACH-000013,ONCO-DG-1,ONCODG1,,,ascites,SIDM00093
ACH-000014,Hs 294T,HS294T,"A101D, Hs 294.T",,lymph_node,SIDM00800
ACH-000015,NCI-H1581,NCIH1581,NCI-H2077,908471,lung,SIDM00748
ACH-000017,SK-BR-3,SKBR3,,,pleural_effusion,SIDM00897
ACH-000018,T24,T24,,724812,urinary_tract,SIDM01184
ACH-000019,MCF7,MCF7,,905946,pleural_effusion,SIDM00148
ACH-000020,MHH-CALL-2,MHHCALL2,,908132,haematopoietic_and_lymphoid_tissue,SIDM00331
ACH-000021,NCI-H1693,NCIH1693,,687802,lymph_node,SIDM00742
ACH-000022,PA-TU-8988S,PATU8988S,,,liver,SIDM00452
ACH-000023,PA-TU-8988T,PATU8988T,,1240201,liver,SIDM00453
ACH-000024,OPM-2,OPM2,,909249,haematopoietic_and_lymphoid_tissue,SIDM00457
ACH-000025,CH-157MN,CH157MN,,,central_nervous_system,
ACH-000026,253J-BV,253JBV,,,lymph_node,
ACH-000027,GOS-3,GOS3,,,central_nervous_system,
ACH-000028,KPL-1,KPL1,,,pleural_effusion,SIDM00147
ACH-000029,HCC-827-GR5,HCC827GR5,HCC827 GR5,,lung,
ACH-000030,PC-14,PC14,,753608,lung,SIDM00237
ACH-000031,Panc 02.13,PANC0213,,,pancreas,
ACH-000034,,PLB985,"PLB985, PLB-985",,haematopoietic_and_lymphoid_tissue,SIDM00811
ACH-000035,NCI-H1650,NCIH1650,,687800,pleural_effusion,SIDM00745
ACH-000036,U343,U343,,,central_nervous_system,
ACH-000037,S-117,S117,,,soft_tissue,SIDM00035
ACH-000038,EHEB,EHEB,,906854,haematopoietic_and_lymphoid_tissue,SIDM01049
ACH-000039,SK-N-MC,SKNMC,,,bone,SIDM00634
ACH-000040,U-118 MG,U118MG,,687588,central_nervous_system,SIDM01193
ACH-000041,RD-ES,RDES,,,bone,
ACH-000042,Panc 02.03,PANC0203,,1298475,pancreas,SIDM01139
ACH-000044,MDA-MB-134-VI,MDAMB134VI,,,pleural_effusion,SIDM00005
ACH-000045,MV4;11,MV411,MV-4-11,908156,haematopoietic_and_lymphoid_tissue,SIDM00657
ACH-000046,ACHN,ACHN,,905950,pleural_effusion,SIDM00123
ACH-000047,GCIY,GCIY,,906869,ascites,SIDM00274
ACH-000048,TOV-112D,TOV112D,,1299070,ovary,SIDM01170
ACH-000050,NCI-H929,NCIH929,,724825,pleural_effusion,SIDM01148
ACH-000052,A-673,A673,,684052,soft_tissue,SIDM00848
ACH-000053,KARPAS-299,KARPAS299,,907273,haematopoietic_and_lymphoid_tissue,SIDM01010
ACH-000054,HT-1080,HT1080,,907064,soft_tissue,SIDM00828
ACH-000055,D283 Med,D283MED,D283,906834,abdomen,SIDM00888
ACH-000056,DOHH-2,DOHH2,,906842,pleural_effusion,SIDM00981
ACH-000057,OPM-1,OPM1,,,haematopoietic_and_lymphoid_tissue,SIDM00456
ACH-000058,ML-1,ML1,,1240178,thyroid,SIDM00442
ACH-000059,SUP-B15,SUPB15,,1247871,bone_marrow,SIDM01176
ACH-000060,Panc 10.05,PANC1005,,925348,pancreas,SIDM01135
ACH-000061,HH,HH,,907056,haematopoietic_and_lymphoid_tissue,SIDM00671
ACH-000062,RERF-LC-MS,RERFLCMS,,910931,lung,SIDM00355
ACH-000063,,HS616T,,,fibroblast,
ACH-000065,OCI-AML5,OCIAML5,,1330983,haematopoietic_and_lymphoid_tissue,SIDM00461
ACH-000066,HCC4006,HCC4006,,,pleural_effusion,
ACH-000067,Hs 683,HS683,,1240150,central_nervous_system,SIDM00666
ACH-000069,Hs 611.T,HS611T,,,haematopoietic_and_lymphoid_tissue,
ACH-000070,697,697,,906800,bone_marrow,SIDM01076
ACH-000072,MEG-01,MEG01,,908126,bone_marrow,SIDM00526
ACH-000073,GRANTA-519,GRANTA519,,1303897,haematopoietic_and_lymphoid_tissue,SIDM01058
ACH-000074,KU812,KU812,,907311,haematopoietic_and_lymphoid_tissue,SIDM00308
ACH-000075,U-87 MG,U87MG,,687590,central_nervous_system,SIDM01189
ACH-000078,MHH-NB-11,MHHNB11,,908135,autonomic_ganglia,SIDM00387
ACH-000080,BDCM,BDCM,,,haematopoietic_and_lymphoid_tissue,
ACH-000081,GDM-1,GDM1,,906870,haematopoietic_and_lymphoid_tissue,SIDM01057
ACH-000082,"G-292, clone A141B1",G292CLONEA141B1,"G292CLONEA141B1, G-292 clone A141B1",1290807,bone,SIDM00858
ACH-000083,Hs 281.T,HS281T,,,fibroblast,
ACH-000085,T3M-4,T3M4,,,lymph_node,
ACH-000086,ACC-MESO-1,ACCMESO1,,,pleura,
ACH-000087,SK-ES-1,SKES1,,684072,bone,SIDM01111
ACH-000088,,HS172T,,,fibroblast,
ACH-000090,PC-3,PC3,,905934,bone,SIDM00088
ACH-000091,OV56,OV56,,1480362,ascites,SIDM00475
ACH-000092,NCI-H2452,NCIH2452,,908462,pleura,SIDM00722
ACH-000094,HPAF-II,HPAFII,,724869,ascites,SIDM00669
ACH-000095,D341,D341,D341MED,,central_nervous_system,
ACH-000096,G-401,G401,,907299,kidney,SIDM00856
ACH-000097,ZR-75-1,ZR751,,,ascites,SIDM00314
ACH-000098,GAMG,GAMG,,906868,central_nervous_system,SIDM01055
ACH-000099,SIMA,SIMA,,753620,autonomic_ganglia,SIDM00395
ACH-000100,RH-41,RH41,,1240210,liver,SIDM00426
ACH-000101,KE-37,KE37,,907277,haematopoietic_and_lymphoid_tissue,SIDM01003
ACH-000102,GMS-10,GMS10,,906873,central_nervous_system,SIDM01074
ACH-000103,Caov-4,CAOV4,,949090,ovary,SIDM00918
ACH-000104,Loucy,LOUCY,,907789,haematopoietic_and_lymphoid_tissue,SIDM00342
ACH-000105,ALL-SIL,ALLSIL,,1295740,haematopoietic_and_lymphoid_tissue,SIDM00994
ACH-000106,JVM-2,JVM2,,907269,haematopoietic_and_lymphoid_tissue,SIDM01013
ACH-000107,Capan-2,CAPAN2,,910915,pancreas,SIDM00943
ACH-000108,KP-3,KP3,,1298219,liver,SIDM00571
ACH-000109,NCI-H3255,NCIH3255,,,lung,SIDM00046
ACH-000111,HCC1187,HCC1187,,749711,breast,SIDM00885
ACH-000112,SIG-M5,SIGM5,,909715,bone_marrow,SIDM00396
ACH-000113,OCI-AML2,OCIAML2,,910947,haematopoietic_and_lymphoid_tissue,SIDM00446
ACH-000114,SU.86.86,SU8686,,1240218,liver,SIDM01188
ACH-000115,VCaP,VCAP,,1299075,bone,SIDM01077
ACH-000116,OAW28,OAW28,,946360,ascites,SIDM00481
ACH-000117,EFM-192A,EFM192A,,1290798,pleural_effusion,SIDM01002
ACH-000118,HUP-T3,HUPT3,,907285,ascites,SIDM00533
ACH-000120,CHP-212,CHP212,,906820,central_nervous_system,SIDM00910
ACH-000121,NCI-H2405,NCIH2405,,687821,ascites,SIDM00724
ACH-000123,COV434,COV434,,,ovary,
ACH-000124,OCI-LY-19,OCILY19,,1330984,bone_marrow,SIDM00460
ACH-000126,KG-1-C,KG1C,,,central_nervous_system,SIDM00784
ACH-000127,SLR 20,SLR20,,,urinary_tract,
ACH-000128,LN-319,LN319,,,central_nervous_system,
ACH-000129,NCI-H1341,NCIH1341,,1330964,cervix,SIDM00646
ACH-000131,Hs 229.T,HS229T,,,fibroblast,
ACH-000132,JHOS-2,JHOS2,,1479995,ovary,SIDM00305
ACH-000133,Hs 729,HS729,,,,
ACH-000134,HS274T,HS274T,,,fibroblast,
ACH-000135,Hs 940.T,HS940T,,1298145,fibroblast,SIDM00662
ACH-000136,CHP-126,CHP126,,910567,autonomic_ganglia,SIDM00286
ACH-000137,8-MG-BA,8MGBA,,687562,central_nervous_system,SIDM00998
ACH-000138,CFPAC-1,CFPAC1,,906821,liver,SIDM00130
ACH-000139,Panc 03.27,PANC0327,,925346,pancreas,SIDM01138
ACH-000141,SNU-308,SNU308,,,biliary_tract,SIDM00161
ACH-000142,CAL-29,CAL29,,1290730,urinary_tract,SIDM00936
ACH-000143,,HCC2429,,,lung,
ACH-000144,RERF-GC-1B,RERFGC1B,,1240209,lymph_node,SIDM00358
ACH-000145,SK-LMS-1,SKLMS1,,909720,soft_tissue,SIDM01109
ACH-000146,THP-1,THP1,,909771,haematopoietic_and_lymphoid_tissue,SIDM01172
ACH-000147,T-47D,T47D,,905945,pleural_effusion,SIDM00097
ACH-000148,Hs 578T,HS578T,,905957,breast,SIDM00135
ACH-000149,SK-N-SH,SKNSH,,717431,bone_marrow,SIDM01098
ACH-000150,HCC2935,HCC2935,,,pleural_effusion,
ACH-000151,JM1,JM1,,1327768,haematopoietic_and_lymphoid_tissue,SIDM00689
ACH-000152,M059K,M059K,,,central_nervous_system,SIDM00639
ACH-000153,NCI-H2052,NCIH2052,,688058,pleural_effusion,SIDM00713
ACH-000155,SW 1990,SW1990,,910907,spleen,SIDM01165
ACH-000156,MHH-CALL-4,MHHCALL4,,908133,haematopoietic_and_lymphoid_tissue,SIDM00376
ACH-000157,A4/Fuk,A4FUK,,910934,ascites,SIDM00502
ACH-000159,OS-RC-2,OSRC2,,909250,kidney,SIDM00239
ACH-000160,BT-12,BT12,,,soft_tissue,
ACH-000161,COR-L105,CORL105,,906805,pleural_effusion,SIDM00513
ACH-000162,GA-10,GA10,,1303896,haematopoietic_and_lymphoid_tissue,SIDM00854
ACH-000163,SW579,SW579,,,thyroid,SIDM01167
ACH-000164,PANC-1,PANC1,,,pancreas,SIDM00610
ACH-000167,KE-97,KE97,,,abdomen,
ACH-000168,NOMO-1,NOMO1,,908451,bone_marrow,SIDM00580
ACH-000169,RD,RD,,909264,soft_tissue,SIDM00847
ACH-000171,VMRC-RCZ,VMRCRCZ,,909781,kidney,SIDM00317
ACH-000174,CAL-62,CAL62,,906828,pleural_effusion,SIDM00931
ACH-000176,LOU-NH91,LOUNH91,,1298226,lung,SIDM00341
ACH-000177,NCI-H660,NCIH660,,1330975,lymph_node,SIDM01123
ACH-000178,Hs 766T,HS766T,,1298141,lymph_node,SIDM00664
ACH-000181,SCC-9,SCC9,,909709,upper_aerodigestive_tract,SIDM01080
ACH-000182,SNU-869,SNU869,,,biliary_tract,SIDM00159
ACH-000183,L-363,L363,,924239,haematopoietic_and_lymphoid_tissue,SIDM00312
ACH-000184,Hs  343.T,HS343T,,,fibroblast,
ACH-000186,NCI-H2444,NCIH2444,,1298356,lung,SIDM00723
ACH-000187,COR-L311,CORL311,,687980,lung,SIDM00509
ACH-000188,SCC-25,SCC25,,910701,upper_aerodigestive_tract,SIDM01082
ACH-000189,RCC10RGB,RCC10RGB,,909974,kidney,SIDM00235
ACH-000190,HD-MY-Z,HDMYZ,,907050,pleural_effusion,SIDM01063
ACH-000191,BHT-101,BHT101,,906696,lymph_node,SIDM00987
ACH-000192,MFE-280,MFE280,,908129,endometrium,SIDM00335
ACH-000193,KARPAS-620,KARPAS620,,1327775,haematopoietic_and_lymphoid_tissue,SIDM01006
ACH-000195,Set-2,SET2,,,haematopoietic_and_lymphoid_tissue,SIDM00397
ACH-000196,HCC1599,HCC1599,,749713,breast,SIDM00877
ACH-000197,TALL-1,TALL1,,909762,bone_marrow,SIDM00370
ACH-000198,EOL-1,EOL1,,906856,haematopoietic_and_lymphoid_tissue,SIDM00277
ACH-000199,HS255T,HS255T,,,fibroblast,
ACH-000200,NMC-G1,NMCG1,,908449,central_nervous_system,SIDM00575
ACH-000201,A-204,A204,,910784,soft_tissue,SIDM00798
ACH-000202,COLO-320,COLO320,,,large_intestine,SIDM00071
ACH-000203,NH-6,NH6,,,autonomic_ganglia,
ACH-000204,LP-1,LP1,,907791,haematopoietic_and_lymphoid_tissue,SIDM00340
ACH-000206,,C8166,,,haematopoietic_and_lymphoid_tissue,SIDM00072
ACH-000207,Detroit 562,DETROIT562,,906837,pleural_effusion,SIDM00831
ACH-000208,U-178,U178,,,central_nervous_system,
ACH-000209,SNU-1079,SNU1079,,,biliary_tract,SIDM00164
ACH-000210,CADO-ES1,CADOES1,CADO-ES-1,753539,pleural_effusion,SIDM00961
ACH-000211,Daoy,DAOY,,906833,central_nervous_system,SIDM00887
ACH-000212,CAL-120,CAL120,,906826,pleural_effusion,SIDM00940
ACH-000213,HUP-T4,HUPT4,,907286,ascites,SIDM00531
ACH-000214,,HS675T,,,fibroblast,
ACH-000215,LN382,LN382,LN-382,,central_nervous_system,
ACH-000217,JHH-6,JHH6,,1240159,liver,SIDM00615
ACH-000218,PL-21,PL21,,1330991,haematopoietic_and_lymphoid_tissue,SIDM00450
ACH-000219,A-375,A375,,906793,skin,SIDM00795
ACH-000221,SNU-398,SNU398,,1240217,liver,SIDM01181
ACH-000222,AsPC-1,ASPC1,,910702,ascites,SIDM00899
ACH-000223,HCC1937,HCC1937,,749714,breast,SIDM00874
ACH-000225,ECC12,ECC12,,906849,stomach,SIDM00279
ACH-000226,SUP-M2,SUPM2,,1331040,central_nervous_system,SIDM00421
ACH-000227,KP-N-YN,KPNYN,,907314,lymph_node,SIDM00556
ACH-000228,BICR 31,BICR31,,1290725,upper_aerodigestive_tract,SIDM00078
ACH-000231,KALS-1,KALS1,,907271,central_nervous_system,SIDM00613
ACH-000232,U-251 MG,U251MG,U251-MG,905983,central_nervous_system,SIDM00111
ACH-000233,DEL,DEL,,906836,pleural_effusion,SIDM00949
ACH-000234,Caki-2,CAKI2,,,kidney,
ACH-000235,Panc 04.03,PANC0403,,1298476,pancreas,SIDM01137
ACH-000236,SW1417,SW1417,,909747,Colon,SIDM00812
ACH-000237,JHOM-1,JHOM1,,,ovary,
ACH-000238,SCC-4,SCC4,,910904,upper_aerodigestive_tract,SIDM01081
ACH-000240,,HS600T,Hs 600.T,,fibroblast,
ACH-000242,RT4,RT4,,687455,urinary_tract,SIDM01085
ACH-000243,DAN-G,DANG,,1290797,pancreas,SIDM00950
ACH-000244,DK-MG,DKMG,,906839,central_nervous_system,SIDM00947
ACH-000245,BL-41,BL41,,910706,haematopoietic_and_lymphoid_tissue,SIDM00985
ACH-000246,SLR 23,SLR23,,,kidney,
ACH-000247,OCUM-1,OCUM1,,1298358,stomach,SIDM00568
ACH-000248,AU565,AU565,,910704,pleural_effusion,SIDM00898
ACH-000249,CL-11,CL11,,1290769,Colon,SIDM00944
ACH-000250,KMRC-20,KMRC20,,1298169,kidney,SIDM00609
ACH-000251,,NCIH2887,NCI-H2887,,lung,
ACH-000252,LS1034,LS1034,,917486,large_intestine,SIDM00681
ACH-000253,COLO 201,COLO201,,,ascites,SIDM00823
ACH-000254,SCC-15,SCC15,,910911,upper_aerodigestive_tract,SIDM01083
ACH-000255,LMSU,LMSU,,,lymph_node,
ACH-000256,COV318,COV318,,,ascites,
ACH-000257,COR-L279,CORL279,,910937,lymph_node,SIDM00511
ACH-000258,Du4475,DU4475,,906844,skin,SIDM01001
ACH-000259,KELLY,KELLY,,753618,autonomic_ganglia,SIDM01009
ACH-000260,SK-N-AS,SKNAS,,724828,bone_marrow,SIDM01101
ACH-000261,RERF-LC-AI,RERFLCAI,,,pleural_effusion,SIDM00307
ACH-000262,UOK101,UOK101,,,kidney,
ACH-000263,KASUMI-1,KASUMI1,,907275,haematopoietic_and_lymphoid_tissue,SIDM01005
ACH-000264,Calu-6,CALU6,,724859,pleural_effusion,SIDM00921
ACH-000265,KP4,KP4,,753572,ascites,SIDM00301
ACH-000266,SNU-213,SNU213,,,pancreas,
ACH-000267,HDLM-2,HDLM2,,924110,pleural_effusion,SIDM01064
ACH-000268,SNU-245,SNU245,,,biliary_tract,SIDM00162
ACH-000269,AM-38,AM38,,910933,central_nervous_system,SIDM00492
ACH-000270,HPAC,HPAC,,1298136,pancreas,SIDM00670
ACH-000271,SU-DHL-10,SUDHL10,,1331033,pleural_effusion,SIDM00389
ACH-000272,SLR 24,SLR24,,,kidney,
ACH-000273,SF539,SF539,,905984,central_nervous_system,SIDM00083
ACH-000274,Hs 852.T,HS852T,,,skin,
ACH-000276,HCC38,HCC38,,749717,breast,SIDM00675
ACH-000277,HCC1419,HCC1419,,907045,breast,SIDM00882
ACH-000278,COV362,COV362,,,pleural_effusion,
ACH-000279,EWS502,EWS502,,,bone,
ACH-000280,SNU-840,SNU840,,,ovary,
ACH-000281,KP-2,KP2,,1298218,pancreas,SIDM00582
ACH-000282,NCI-H1755,NCIH1755,,908475,liver,SIDM00738
ACH-000283,A1207,A1207,,,central_nervous_system,
ACH-000286,SNU-1033,SNU1033,,,large_intestine,SIDM00192
ACH-000287,NU-DUL-1,NUDUL1,,1330982,central_nervous_system,SIDM00443
ACH-000289,SNU-466,SNU466,,,central_nervous_system,
ACH-000290,NCI-H209,NCIH209,H209,688013,bone_marrow,SIDM00706
ACH-000291,OV-90,OV90,,1240197,ascites,SIDM01141
ACH-000292,NCI-H841,NCIH841,,1240192,lung,SIDM01134
ACH-000293,KLE,KLE,,924187,endometrium,SIDM00686
ACH-000294,NB-4,NB4,,1323913,bone_marrow,SIDM00428
ACH-000295,EM-2,EM2,,906855,bone_marrow,SIDM01047
ACH-000296,OUMS-23,OUMS23,,,pericardial_effusion,SIDM00036
ACH-000298,NCI-H2029,NCIH2029,,688011,lymph_node,SIDM00735
ACH-000299,,HNT34,HNT-34,,haematopoietic_and_lymphoid_tissue,
ACH-000301,LAMA-84,LAMA84,,907783,haematopoietic_and_lymphoid_tissue,SIDM00346
ACH-000302,SNU-1077,SNU1077,,,endometrium,SIDM00166
ACH-000303,SNU-5,SNU5,,908445,ascites,SIDM01144
ACH-000304,WM-115,WM115,,909784,skin,SIDM01000
ACH-000305,EC-GI-10,ECGI10,,753555,lymph_node,SIDM00278
ACH-000306,Hs 688(A).T,HS688AT,,,fibroblast,
ACH-000307,PK-1,PK1,,,liver,
ACH-000308,EFO-21,EFO21,,911905,ascites,SIDM01052
ACH-000309,SK-LU-1,SKLU1,,909721,lung,SIDM01108
ACH-000310,IMR-32,IMR32,,,abdomen,SIDM00226
ACH-000311,NCI-H2122,NCIH2122,,722046,pleural_effusion,SIDM00702
ACH-000312,SK-N-BE(2),SKNBE2,,,bone_marrow,SIDM00894
ACH-000314,HCC-2108,HCC2108,,,lung,
ACH-000315,KARPAS-422,KARPAS422,,907274,pleural_effusion,SIDM01008
ACH-000316,SNU-886,SNU886,,,liver,
ACH-000317,TUHR14TKB,TUHR14TKB,,,kidney,
ACH-000318,TE-10,TE10,,753622,oesophagus,SIDM00349
ACH-000319,MPP 89,MPP89,,908150,pleural_effusion,SIDM00222
ACH-000320,PSN1,PSN1,GR-M,910546,pancreas,SIDM00469
ACH-000322,HT-144,HT144,,907067,skin,SIDM00695
ACH-000323,42-MG-BA,42MGBA,,687561,central_nervous_system,SIDM00982
ACH-000324,JHOC-5,JHOC5,,,ovary,
ACH-000326,JURL-MK1,JURLMK1,,1327771,haematopoietic_and_lymphoid_tissue,SIDM01015
ACH-000327,NCI-H1395,NCIH1395,,684681,lung,SIDM00644
ACH-000329,CCF-STTG1,CCFSTTG1,,906823,central_nervous_system,SIDM00131
ACH-000330,EFM-19,EFM19,,906851,pleural_effusion,SIDM01056
ACH-000331,IST-MES2,ISTMES2,IST-MES-2,,pleural_effusion,
ACH-000332,YAPC,YAPC,,909904,ascites,SIDM00411
ACH-000334,DB,DB,,906832,ascites,SIDM00886
ACH-000335,MSTO-211H,MSTO211H,,908152,pleural_effusion,SIDM00640
ACH-000336,OCI-AML3,OCIAML3,,1290455,haematopoietic_and_lymphoid_tissue,SIDM00462
ACH-000337,NCI-H3122,NCIH3122,,1240190,lung,SIDM00137
ACH-000338,SR-786,SR786,SR,905965,pleural_effusion,SIDM00096
ACH-000339,,HCC461,,,lung,
ACH-000341,SK-N-FI,SKNFI,,688087,bone_marrow,SIDM01099
ACH-000342,CL-14,CL14,,,large_intestine,
ACH-000343,NCI-H522,NCIH522,,905944,lung,SIDM00116
ACH-000344,SNU-668,SNU668,,,ascites,
ACH-000345,KP-N-RT-BM-1,KPNRTBM1,,924189,bone_marrow,SIDM00557
ACH-000346,JVM-3,JVM3,,907270,haematopoietic_and_lymphoid_tissue,SIDM01012
ACH-000347,QGP-1,QGP1,,1298534,pancreas,SIDM00360
ACH-000348,RPMI-7951,RPMI7951,,910903,lymph_node,SIDM01087
ACH-000349,HCC1500,HCC1500,,1303900,breast,SIDM00879
ACH-000350,COLO-678,COLO678,,910689,lymph_node,SIDM00957
ACH-000351,MKN1,MKN1,,908138,lymph_node,SIDM00271
ACH-000352,HCC1428,HCC1428,,1290905,pleural_effusion,SIDM00881
ACH-000353,TE-15,TE15,,753614,oesophagus,SIDM00249
ACH-000354,Capan-1,CAPAN1,,753624,liver,SIDM00934
ACH-000355,NCI-H82,NCIH82,,688031,pleural_effusion,SIDM01131
ACH-000356,MKN-45,MKN45,,925340,liver,SIDM00247
ACH-000357,JeKo-1,JEKO1,,1327765,haematopoietic_and_lymphoid_tissue,SIDM01038
ACH-000358,NCI-H69,NCIH69,,688027,pleural_effusion,SIDM01121
ACH-000359,MG-63,MG63,,908131,bone,SIDM00525
ACH-000360,NCI-H508,NCIH508,,908442,abdomen,SIDM00777
ACH-000361,SK-HEP-1,SKHEP1,,909719,ascites,SIDM01110
ACH-000362,MOLM-13,MOLM13,,1330947,haematopoietic_and_lymphoid_tissue,SIDM00437
ACH-000363,SK-MM-2,SKMM2,,753612,haematopoietic_and_lymphoid_tissue,SIDM00391
ACH-000364,U-2 OS,U2OS,"U2-OS, U-2 OS",909776,bone,SIDM01191
ACH-000365,SU-DHL-4,SUDHL4,,1331035,pleural_effusion,SIDM00405
ACH-000366,SK-N-DZ,SKNDZ,,688086,bone_marrow,SIDM01100
ACH-000367,NCI-H226,NCIH226,,905941,pleural_effusion,SIDM00139
ACH-000368,SNU-1105,SNU1105,,,central_nervous_system,
ACH-000369,MOLM-16,MOLM16,,1330948,haematopoietic_and_lymphoid_tissue,SIDM00435
ACH-000370,SNU-626,SNU626,,,central_nervous_system,
ACH-000371,RL,RL,,910861,ascites,SIDM01089
ACH-000372,P12-ICHIKAWA,P12ICHIKAWA,,909251,haematopoietic_and_lymphoid_tissue,SIDM00463
ACH-000373,SKM-1,SKM1,,909722,haematopoietic_and_lymphoid_tissue,SIDM00380
ACH-000374,HCC1143,HCC1143,,749710,breast,SIDM00866
ACH-000375,G-402,G402,,907298,kidney,SIDM00855
ACH-000376,SF-295,SF295,,905985,central_nervous_system,SIDM00084
ACH-000377,SNU-478,SNU478,,,biliary_tract,SIDM00160
ACH-000378,NCI-H647,NCIH647,,1240191,pleural_effusion,SIDM01125
ACH-000379,NCI-H1781,NCIH1781,,1298350,pleural_effusion,SIDM00754
ACH-000380,KMS-12-BM,KMS12BM,,907281,bone_marrow,SIDM01020
ACH-000381,T84,T84,,909761,lung,SIDM00782
ACH-000382,COR-L24,CORL24,,,lymph_node,
ACH-000383,OE33,OE33,,910549,oesophagus,SIDM00477
ACH-000384,SW 780,SW780,,687457,urinary_tract,SIDM01160
ACH-000386,KG-1,KG1,,907278,bone_marrow,SIDM00785
ACH-000387,TF-1,TF1,,,bone_marrow,
ACH-000389,H4,H4,,907042,central_nervous_system,SIDM00852
ACH-000390,LUDLU-1,LUDLU1,,,lung,
ACH-000391,MHH-ES-1,MHHES1,,908134,ascites,SIDM00386
ACH-000392,Calu-3,CALU3,,687777,pleural_effusion,SIDM00922
ACH-000393,HLF,HLF,,,liver,SIDM00065
ACH-000394,NCI-H2081,NCIH2081,,908480,pleural_effusion,SIDM00710
ACH-000395,NCI-H520,NCIH520,,908443,lung,SIDM01130
ACH-000396,J82,J82,,753566,urinary_tract,SIDM00693
ACH-000397,TEN,TEN,,,endometrium,
ACH-000399,NCI-H2196,NCIH2196,,908481,bone_marrow,SIDM00731
ACH-000400,SK-CO-1,SKCO1,,909718,ascites,SIDM01096
ACH-000401,COLO-800,COLO800,,906813,skin,SIDM00515
ACH-000402,BL-70,BL70,,,haematopoietic_and_lymphoid_tissue,SIDM00074
ACH-000403,NCI-H747,NCIH747,,908457,large_intestine,SIDM00778
ACH-000404,K029AX,K029AX,,,skin,
ACH-000405,MEC-1,MEC1,,,haematopoietic_and_lymphoid_tissue,SIDM00001
ACH-000406,U-937,U937,,,pleural_effusion,SIDM01195
ACH-000407,SNU-685,SNU685,,,endometrium,SIDM00165
ACH-000408,TE-5,TE5,,735784,oesophagus,SIDM00347
ACH-000409,OVSAHO,OVSAHO,,,abdomen,
ACH-000410,Saos-2,SAOS2,,909707,bone,SIDM01084
ACH-000411,769-P,769P,,910922,kidney,SIDM00803
ACH-000412,SNU-1197,SNU1197,,,Colon,SIDM00171
ACH-000414,NCI-H1944,NCIH1944,,1240185,soft_tissue,SIDM00762
ACH-000415,BICR 6,BICR6,,,upper_aerodigestive_tract,
ACH-000416,NCI-H838,NCIH838,,910399,lymph_node,SIDM01150
ACH-000417,Panc 08.13,PANC0813,,925347,pancreas,SIDM01136
ACH-000420,SNU-449,SNU449,,909738,liver,SIDM01194
ACH-000421,SW837,SW837,,909755,large_intestine,SIDM00833
ACH-000422,SNU-475,SNU475,,909739,liver,SIDM01196
ACH-000423,SK-MEL-3,SKMEL3,,909724,lymph_node,SIDM01105
ACH-000424,TC-71,TC71,,1240221,bone,SIDM00419
ACH-000425,UACC-62,UACC62,,905976,skin,SIDM00107
ACH-000426,KMS-20,KMS20,,,bone_marrow,
ACH-000427,NCI-N87,NCIN87,,908461,liver,SIDM01147
ACH-000428,UO-31,UO31,,905981,kidney,SIDM00112
ACH-000429,A-704,A704,,910920,kidney,SIDM00849
ACH-000430,TYK-nu,TYKNU,,909774,ovary,SIDM00321
ACH-000431,NCI-H1694,NCIH1694,,688006,ascites,SIDM00741
ACH-000432,BV-173,BV173,,910710,haematopoietic_and_lymphoid_tissue,SIDM00962
ACH-000433,Caki-1,CAKI1,,905963,skin,SIDM00941
ACH-000434,NCI-H1915,NCIH1915,,1240184,central_nervous_system,SIDM00763
ACH-000435,EFE-184,EFE184,,,ascites,
ACH-000436,OCI-My7,OCIMY7,OCI-MY7,,haematopoietic_and_lymphoid_tissue,
ACH-000437,SW 1088,SW1088,,909745,central_nervous_system,SIDM01155
ACH-000438,,LU65,,724863,lung,SIDM00547
ACH-000439,ME-1,ME1,,1330942,haematopoietic_and_lymphoid_tissue,SIDM00338
ACH-000440,CA46,CA46,,910703,ascites,SIDM00907
ACH-000441,SH-4,SH4,,909713,pleural_effusion,SIDM01079
ACH-000442,RERF-LC-Sq1,RERFLCSQ1,,1298538,lung,SIDM00354
ACH-000443,OVKATE,OVKATE,,1240199,ovary,SIDM00466
ACH-000444,LU99,LU99,,,pleura,SIDM00546
ACH-000445,KNS-60,KNS60,,,central_nervous_system,
ACH-000446,KP-N-SI9s,KPNSI9S,,,autonomic_ganglia,
ACH-000447,NCI-H2228,NCIH2228,,687816,lung,SIDM00729
ACH-000448,NCI-H1666,NCIH1666,,908473,pleural_effusion,SIDM00743
ACH-000449,MES-SA,MESSA,,908127,endometrium,SIDM00625
ACH-000450,MEL-HO,MELHO,,908124,skin,SIDM00337
ACH-000451,NCI-H2085,NCIH2085,,687812,lung,SIDM00709
ACH-000452,TE-8,TE8,,753623,oesophagus,SIDM00326
ACH-000454,HCC-95,HCC95,,,pleural_effusion,
ACH-000456,B-CPAP,BCPAP,,924104,thyroid,SIDM00992
ACH-000457,CAL-54,CAL54,,910952,pleural_effusion,SIDM00932
ACH-000458,CJM,CJM,,,skin,
ACH-000459,TUHR10TKB,TUHR10TKB,,,kidney,
ACH-000460,SNU-8,SNU8,,,ascites,
ACH-000461,SNU-1196,SNU1196,,,biliary_tract,SIDM00163
ACH-000463,NCI-H460,NCIH460,,905943,pleural_effusion,SIDM00144
ACH-000464,CAS-1,CAS1,,910943,central_nervous_system,SIDM00212
ACH-000465,SK-MEL-1,SKMEL1,,909723,haematopoietic_and_lymphoid_tissue,SIDM01107
ACH-000466,SNU-216,SNU216,,,lymph_node,
ACH-000468,PK-45H,PK45H,,,pancreas,
ACH-000469,YH-13,YH13,,909905,central_nervous_system,SIDM00316
ACH-000470,SW1463,SW1463,,909748,large_intestine,SIDM00834
ACH-000471,Li-7,LI7,,,liver,
ACH-000472,HSC-2,HSC2,,753562,upper_aerodigestive_tract,SIDM00590
ACH-000473,RT-112,RT112,,909704,urinary_tract,SIDM00402
ACH-000475,huH-1,HUH1,,1298146,liver,SIDM00586
ACH-000476,JHH-4,JHH4,,1240158,liver,SIDM00616
ACH-000477,Malme-3M,MALME3M,,,lung,SIDM00011
ACH-000478,SNU-387,SNU387,,909736,liver,SIDM01180
ACH-000479,KNS-81,KNS81,,,central_nervous_system,SIDM00605
ACH-000480,HuH-7,HUH7,,907071,liver,SIDM00585
ACH-000481,NCI-H2170,NCIH2170,,687815,lung,SIDM00716
ACH-000482,RERF-LC-KJ,RERFLCKJ,,1298537,lung,SIDM00356
ACH-000483,SNU-182,SNU182,,1240216,liver,SIDM01151
ACH-000484,VMRC-RCW,VMRCRCW,,1240224,kidney,SIDM00318
ACH-000485,GSU,GSU,,,ascites,
ACH-000486,KU-19-19,KU1919,,907312,urinary_tract,SIDM01033
ACH-000487,F-36P,F36P,,,pleural_effusion,
ACH-000488,TE-11,TE11,,946354,oesophagus,SIDM00348
ACH-000489,SW1116,SW1116,,909746,Colon,SIDM00835
ACH-000490,SF767,SF767,,,abdomen,SIDM00626
ACH-000491,NCI-H716,NCIH716,,908458,ascites,SIDM00779
ACH-000493,SNU-423,SNU423,,909737,liver,SIDM01199
ACH-000495,TUHR4TKB,TUHR4TKB,,,kidney,
ACH-000496,NCI-H1792,NCIH1792,,724868,pleural_effusion,SIDM00771
ACH-000498,KO52,KO52,,1330932,bone_marrow,SIDM00018
ACH-000499,EW8,EW8,,,bone,
ACH-000500,SNU-46,SNU46,,,upper_aerodigestive_tract,
ACH-000501,LS123,LS123,,907792,Colon,SIDM00776
ACH-000502,TCC-PAN2,TCCPAN2,,,ascites,
ACH-000503,BICR 16,BICR16,,,upper_aerodigestive_tract,
ACH-000504,SNB75,SNB75,,905982,central_nervous_system,SIDM00095
ACH-000505,RKN,RKN,,1298539,ovary,SIDM00353
ACH-000506,NCI-H146,NCIH146,,910899,bone_marrow,SIDM00698
ACH-000507,KE-39,KE39,,,lymph_node,
ACH-000508,COR-L88,CORL88,,906808,pleural_effusion,SIDM00506
ACH-000509,HuT 78,HUT78,,,haematopoietic_and_lymphoid_tissue,SIDM00851
ACH-000510,NCI-H1299,NCIH1299,,724831,lymph_node,SIDM00649
ACH-000511,Calu-1,CALU1,,,pleura,
ACH-000512,,INA6,INA-6,,pleural_effusion,
ACH-000514,NCI-H1092,NCIH1092,,687997,bone_marrow,SIDM00653
ACH-000515,HCC-33,HCC33,,1303901,pleural_effusion,SIDM01071
ACH-000516,CAL-78,CAL78,,1290765,soft_tissue,SIDM00929
ACH-000517,SNU-410,SNU410,,,liver,
ACH-000518,CAL-33,CAL33,,753541,upper_aerodigestive_tract,SIDM00942
ACH-000519,PEER,PEER,,,haematopoietic_and_lymphoid_tissue,SIDM00991
ACH-000520,59M,59M,,,ascites,
ACH-000521,NCI-H2030,NCIH2030,,722045,lymph_node,SIDM00715
ACH-000522,UM-UC-3,UMUC3,,724838,urinary_tract,SIDM01182
ACH-000524,KURAMOCHI,KURAMOCHI,,909975,ascites,SIDM00554
ACH-000525,NCI-H2171,NCIH2171,H2171,688015,pleural_effusion,SIDM00733
ACH-000527,OVISE,OVISE,,1240198,bone,SIDM00564
ACH-000528,ABC-1,ABC1,,906791,pleural_effusion,SIDM00494
ACH-000530,DMS 114,DMS114,,687983,lung,SIDM00865
ACH-000532,SNU-61,SNU61,,1660035,liver,SIDM00194
ACH-000534,WSU-DLCL2,WSUDLCL2,,1331050,pleural_effusion,SIDM00413
ACH-000535,BxPC-3,BXPC3,,906693,pancreas,SIDM00132
ACH-000536,BT-20,BT20,,906801,breast,SIDM00893
ACH-000537,SNU-761,SNU761,,,liver,
ACH-000538,HUTU80,HUTU80,,907073,small_intestine,SIDM00694
ACH-000539,Hs 618.T,HS618T,,,fibroblast,
ACH-000540,Hs 606.T,HS606T,,,fibroblast,
ACH-000541,KMS-34,KMS34,,,pleural_effusion,
ACH-000542,Hey-A8,HEYA8,,,ascites,SIDM01215
ACH-000543,SNU-489,SNU489,,,central_nervous_system,
ACH-000544,OE21,OE21,,1298359,oesophagus,SIDM00478
ACH-000545,VM-CUB1,VMCUB1,,909780,urinary_tract,SIDM00414
ACH-000546,HSC-4,HSC4,,907062,upper_aerodigestive_tract,SIDM00588
ACH-000547,HT-1197,HT1197,,907065,urinary_tract,SIDM00676
ACH-000548,BHY,BHY,,753535,upper_aerodigestive_tract,SIDM00986
ACH-000549,SNU-1076,SNU1076,,,upper_aerodigestive_tract,SIDM00168
ACH-000550,IGR-39,IGR39,,,skin,SIDM01065
ACH-000551,K-562,K562,,905940,pleural_effusion,SIDM00791
ACH-000552,HT-29,HT29,,905939,large_intestine,SIDM00136
ACH-000554,UACC-893,UACC893,,909778,breast,SIDM01186
ACH-000555,A-498,A498,,905948,kidney,SIDM00124
ACH-000556,SIHA,SIHA,,930297,cervix,SIDM01093
ACH-000557,AML-193,AML193,,,haematopoietic_and_lymphoid_tissue,
ACH-000558,A-172,A172,,687563,central_nervous_system,SIDM00799
ACH-000559,NCI-H1836,NCIH1836,,1240182,lung,SIDM00770
ACH-000560,ECC10,ECC10,,906848,liver,SIDM00280
ACH-000561,T.T,TDOTT,,1299064,bone,SIDM00322
ACH-000562,HCC-78,HCC78,,1290908,pleural_effusion,SIDM01068
ACH-000563,EBC-1,EBC1,,753554,skin,SIDM00486
ACH-000565,RCM-1,RCM1,,909263,large_intestine,SIDM00359
ACH-000566,SW-1710,SW1710,,909749,urinary_tract,SIDM00420
ACH-000567,ST486,ST486,,910906,ascites,SIDM01198
ACH-000568,UACC-812,UACC812,,910910,breast,SIDM01187
ACH-000569,IST-MES1,ISTMES1,,907173,pleural_effusion,SIDM00224
ACH-000570,YKG1,YKG1,,687592,central_nervous_system,SIDM00315
ACH-000571,T98G,T98G,,687586,central_nervous_system,SIDM01171
ACH-000572,G-361,G361,,906865,skin,SIDM00857
ACH-000573,MDA-MB-436,MDAMB436,,1240172,pleural_effusion,SIDM00629
ACH-000574,FU-OV-1,FUOV1,,1240129,ovary,SIDM01040
ACH-000575,,HCC364,,,lung,
ACH-000576,KMS-27,KMS27,,,haematopoietic_and_lymphoid_tissue,
ACH-000577,JHH-2,JHH2,,1240157,ascites,SIDM00617
ACH-000578,HCC-1171,HCC1171,,,lung,
ACH-000579,UACC-257,UACC257,,905977,skin,SIDM00108
ACH-000580,C32,C32,,906830,skin,SIDM00890
ACH-000581,SNU-16,SNU16,,908446,ascites,SIDM01145
ACH-000582,COLO 741,COLO741,,,skin,
ACH-000583,MC116,MC116,,907799,pleural_effusion,SIDM00637
ACH-000584,JHOS-4,JHOS4,,1480359,ovary,SIDM00303
ACH-000585,EPLC-272H,EPLC272H,,753556,lung,SIDM01044
ACH-000586,NCI-H1876,NCIH1876,,1330972,lymph_node,SIDM00766
ACH-000587,NCI-H1975,NCIH1975,,924244,lung,SIDM00759
ACH-000588,KMS-26,KMS26,,,pleural_effusion,
ACH-000589,NCI-H1437,NCIH1437,,687794,pleural_effusion,SIDM00734
ACH-000590,NCI-H2073,NCIH2073,,,lung,SIDM00757
ACH-000591,,LN235,LN-235,,central_nervous_system,
ACH-000592,TM-31,TM31,,,central_nervous_system,
ACH-000593,BC-3C,BC3C,,,urinary_tract,
ACH-000594,DMS 153,DMS153,,,liver,
ACH-000595,LN-229,LN229,,1240169,central_nervous_system,SIDM00684
ACH-000596,LCLC-97TM1,LCLC97TM1,,946361,lung,SIDM00344
ACH-000597,TTC-709,TTC709,,,soft_tissue,
ACH-000599,PA-TU-8902,PATU8902,,1298526,pancreas,SIDM00455
ACH-000600,SLR 26,SLR26,,,kidney,
ACH-000601,MIA PaCa-2,MIAPACA2,,724870,pancreas,SIDM00505
ACH-000603,BEN,BEN,,753534,lymph_node,SIDM00990
ACH-000604,KYO-1,KYO1,,,haematopoietic_and_lymphoid_tissue,
ACH-000605,TE-6,TE6,,946355,oesophagus,SIDM00328
ACH-000606,PE/CA-PJ34 (clone C12),PECAPJ34CLONEC12,,,upper_aerodigestive_tract,
ACH-000607,KYM-1,KYM1,,1240166,soft_tissue,SIDM00552
ACH-000608,COV644,COV644,,,ovary,
ACH-000609,SF126,SF126,,909712,central_nervous_system,SIDM00382
ACH-000610,NCI-H2227,NCIH2227,,688018,lung,SIDM00730
ACH-000611,SU-DHL-6,SUDHL6,,1331037,ascites,SIDM00407
ACH-000613,HOS,HOS,,907060,bone,SIDM00806
ACH-000614,RVH-421,RVH421,,909706,central_nervous_system,SIDM00401
ACH-000615,SK-MEL-28,SKMEL28,,905954,skin,SIDM00081
ACH-000616,Hs 746T,HS746T,,1240151,soft_tissue,SIDM00665
ACH-000617,OVCAR-4,OVCAR4,,905990,ascites,SIDM00092
ACH-000618,SNU-1041,SNU1041,,,upper_aerodigestive_tract,SIDM00173
ACH-000619,PE/CA-PJ15,PECAPJ15,,1240207,upper_aerodigestive_tract,SIDM00473
ACH-000620,JHH-1,JHH1,,1298151,liver,SIDM00618
ACH-000621,MDA-MB-157,MDAMB157,,925338,pleural_effusion,SIDM00529
ACH-000622,KNS-42,KNS42,,907282,central_nervous_system,SIDM00607
ACH-000623,SNU-201,SNU201,,,central_nervous_system,SIDM00158
ACH-000624,HCC1806,HCC1806,,907047,breast,SIDM00875
ACH-000625,Hep 3B2.1-7,HEP3B217,,1240147,liver,SIDM00672
ACH-000626,U266B1,U266B1,,753615,haematopoietic_and_lymphoid_tissue,SIDM00417
ACH-000627,LCLC-103H,LCLC103H,,753586,pleural_effusion,SIDM00345
ACH-000628,NCI-H596,NCIH596,,908459,lung,SIDM01127
ACH-000630,YD-8,YD8,,,upper_aerodigestive_tract,
ACH-000631,KS-1,KS1,,907313,central_nervous_system,SIDM00555
ACH-000632,Hs 944.T,HS944T,,,skin,SIDM00063
ACH-000633,FU97,FU97,,1290806,stomach,SIDM00503
ACH-000636,RPMI-8402,RPMI8402,,909702,haematopoietic_and_lymphoid_tissue,SIDM00403
ACH-000637,KYSE-520,KYSE520,,753575,oesophagus,SIDM01025
ACH-000638,NCI-H441,NCIH441,,908460,pericardial_effusion,SIDM00925
ACH-000639,NCI-H211,NCIH211,,1240189,bone_marrow,SIDM00704
ACH-000640,SK-MEL-31,SKMEL31,,909727,skin,SIDM01104
ACH-000641,CMK,CMK,,910566,haematopoietic_and_lymphoid_tissue,SIDM00959
ACH-000643,HDQ-P1,HDQP1,,1290922,breast,SIDM01062
ACH-000644,COLO 829,COLO829,,687448,skin,SIDM00909
ACH-000646,OVMANA,OVMANA,,,ovary,
ACH-000647,TE-1,TE1,,753621,oesophagus,SIDM00369
ACH-000648,NCI-H28,NCIH28,,908470,pleural_effusion,SIDM00720
ACH-000649,786-O,786O,,905947,kidney,SIDM00125
ACH-000650,IGR-37,IGR37,,1240153,lymph_node,SIDM01066
ACH-000651,SW 620,SW620,,905962,lymph_node,SIDM00841
ACH-000652,SUIT-2,SUIT2,,1240219,liver,SIDM00371
ACH-000653,JJN-3,JJN3,,1327766,bone_marrow,SIDM01036
ACH-000654,Raji,RAJI,,909262,bone,SIDM00844
ACH-000655,SF268,SF268,,905986,central_nervous_system,SIDM00085
ACH-000656,SU-DHL-8,SUDHL8,,1331038,pleural_effusion,SIDM00423
ACH-000657,A2780,A2780,,906804,ovary,SIDM00210
ACH-000658,KMS-18,KMS18,,,haematopoietic_and_lymphoid_tissue,
ACH-000659,SCLC-21H,SCLC21H,,,pleural_effusion,SIDM00029
ACH-000660,SU-DHL-5,SUDHL5,,1331036,lymph_node,SIDM00406
ACH-000661,WM1799,WM1799,,,skin,
ACH-000662,COR-L23,CORL23,COR-L23/CPR,687780,pleural_effusion,SIDM00512
ACH-000663,OVTOKO,OVTOKO,,1298365,spleen,SIDM00425
ACH-000664,SU-DHL-1,SUDHL1,,909742,pleural_effusion,SIDM00390
ACH-000665,SK-MES-1,SKMES1,,909728,pleural_effusion,SIDM01103
ACH-000666,NCI-H1355,NCIH1355,,724866,pleural_effusion,SIDM00645
ACH-000667,HCC-44,HCC44,,1240145,lung,SIDM01069
ACH-000668,HCC70,HCC70,,907048,breast,SIDM00673
ACH-000669,SW 900,SW900,,724879,lung,SIDM01158
ACH-000670,SBC-5,SBC5,,713880,pleural_effusion,SIDM00368
ACH-000671,HuH-6,HUH6,,,liver,SIDM00062
ACH-000672,IA-LM,IALM,,910779,skin,SIDM00306
ACH-000673,LN-443,LN443,,,central_nervous_system,
ACH-000674,NUGC-4,NUGC4,,1298357,lymph_node,SIDM00570
ACH-000675,NCI-H1734,NCIH1734,,722058,lung,SIDM00739
ACH-000676,LN-464,LN464,,,central_nervous_system,SIDM00058
ACH-000677,SW 1573,SW1573,,724878,lung,SIDM01163
ACH-000678,MKN7,MKN7,,924250,lymph_node,SIDM00560
ACH-000679,OE-19,OE19,,910079,oesophagus,SIDM00479
ACH-000680,SW948,SW948,,909757,Colon,SIDM00832
ACH-000681,A549,A549,,905949,lung,SIDM00903
ACH-000682,SNU-1066,SNU1066,,,upper_aerodigestive_tract,SIDM00170
ACH-000683,SNU-503,SNU503,,,abdomen,SIDM00497
ACH-000684,KMRC-1,KMRC1,,1298168,kidney,SIDM00611
ACH-000686,SNU-878,SNU878,,,liver,
ACH-000687,CI-1,CI1,,,ascites,
ACH-000688,OV7,OV7,,1480360,ovary,SIDM00474
ACH-000689,RH-18,RH18,,971774,soft_tissue,SIDM00454
ACH-000690,HCC-2814,HCC2814,,,lung,
ACH-000691,HCC2157,HCC2157,,749715,breast,SIDM00774
ACH-000692,SNU-899,SNU899,,,upper_aerodigestive_tract,SIDM00169
ACH-000693,KYSE-180,KYSE180,,907318,oesophagus,SIDM01030
ACH-000694,TE-9,TE9,,946353,pleural_effusion,SIDM00325
ACH-000695,COR-L47,CORL47,,,bone_marrow,
ACH-000696,OVCAR-8,OVCAR8,,905991,ovary,SIDM00090
ACH-000697,A3/KAW,A3KAW,,910935,ascites,SIDM00495
ACH-000698,DMS 53,DMS53,,907295,lung,SIDM00523
ACH-000699,HCC1395,HCC1395,,749712,breast,SIDM00884
ACH-000700,,NCIH2882,NCI-H2882,,lung,
ACH-000701,RMUG-S,RMUGS,,,ovary,
ACH-000702,L-1236,L1236,,1330935,haematopoietic_and_lymphoid_tissue,SIDM00313
ACH-000703,DMS 79,DMS79,,753551,pleural_effusion,SIDM00524
ACH-000704,OAW42,OAW42,,910548,ascites,SIDM00480
ACH-000705,LC-1F,LC1F,LC-1/sq-SF,,lung,SIDM00298
ACH-000706,EKVX,EKVX,,905970,lung,SIDM00119
ACH-000707,P3HR-1,P3HR1,,,ascites,SIDM01254
ACH-000708,SNU-283,SNU283,,1659929,abdomen,SIDM00215
ACH-000711,JIMT-1,JIMT1,,1298157,pleural_effusion,SIDM01037
ACH-000712,HCC-1833,HCC1833,,,lung,
ACH-000713,Caov-3,CAOV3,,906825,ovary,SIDM00919
ACH-000714,KMS-11,KMS11,,1659817,pleural_effusion,SIDM00608
ACH-000715,SNU-1214,SNU1214,,,upper_aerodigestive_tract,SIDM00167
ACH-000716,TT2609-C02,TT2609C02,,1240223,thyroid,SIDM00418
ACH-000717,COLO-680N,COLO680N,,906817,oesophagus,SIDM00956
ACH-000718,NCI-H2291,NCIH2291,,724874,lymph_node,SIDM00728
ACH-000719,RMG-I,RMGI,,909699,ascites,SIDM00352
ACH-000720,TCCSUP,TCCSUP,,687459,urinary_tract,SIDM01190
ACH-000721,HMC-1-8,HMC18,,,pleural_effusion,
ACH-000722,SNU-C1,SNUC1,,910905,abdomen,SIDM01197
ACH-000724,HT-1376,HT1376,,907066,urinary_tract,SIDM00678
ACH-000725,HCC202,HCC202,,1290906,breast,SIDM00870
ACH-000727,NCI-H2066,NCIH2066,,1330973,lung,SIDM00711
ACH-000729,NCI-H1963,NCIH1963,H1963,688010,lung,SIDM00760
ACH-000730,SK-MEL-5,SKMEL5,,905956,lymph_node,SIDM00080
ACH-000731,HCC-2279,HCC2279,,,lung,
ACH-000732,PE/CA-PJ41 (clone D2),PECAPJ41CLONED2,,,upper_aerodigestive_tract,
ACH-000733,NCI-H1838,NCIH1838,,687807,lung,SIDM00769
ACH-000734,JHH-5,JHH5,,,liver,
ACH-000735,PE/CA-PJ49,PECAPJ49,,,upper_aerodigestive_tract,
ACH-000736,SNU-601,SNU601,,,ascites,
ACH-000738,GB-1,GB1,,687568,central_nervous_system,SIDM00581
ACH-000739,Hep G2,HEPG2,,,liver,SIDM00904
ACH-000740,A-253,A253,,906794,upper_aerodigestive_tract,SIDM00796
ACH-000742,,DM3,,,fibroblast,
ACH-000743,COR-L95,CORL95,,1297439,lung,SIDM00521
ACH-000744,NCI-H1623,NCIH1623,,687798,lymph_node,SIDM00747
ACH-000745,MOLP-8,MOLP8,,1330950,haematopoietic_and_lymphoid_tissue,SIDM00434
ACH-000746,GSS,GSS,,,liver,
ACH-000747,NCI-H1703,NCIH1703,,908474,lung,SIDM00740
ACH-000748,SJSA-1,SJSA1,,909717,bone,SIDM01112
ACH-000749,DMS 273,DMS273,,687985,pleural_effusion,SIDM00522
ACH-000750,LOX IMVI,LOXIMVI,,905974,lymph_node,SIDM00149
ACH-000751,OCI-M1,OCIM1,,1330985,haematopoietic_and_lymphoid_tissue,SIDM00458
ACH-000752,NCI-H196,NCIH196,,1240186,pleural_effusion,SIDM00761
ACH-000753,JMSU-1,JMSU1,,,ascites,
ACH-000754,L-428,L428,,907322,pleural_effusion,SIDM00327
ACH-000755,HCC2218,HCC2218,,749716,breast,SIDM00772
ACH-000756,GI-1,GI1,,906871,central_nervous_system,SIDM00273
ACH-000757,A427,A427,,910851,lung,SIDM00810
ACH-000758,MKN74,MKN74,,,liver,SIDM00248
ACH-000759,MDA-MB-175-VII,MDAMB175VII,,908120,pleural_effusion,SIDM00633
ACH-000760,LNZ308,LNZ308,,,central_nervous_system,SIDM00682
ACH-000762,YD-38,YD38,,,upper_aerodigestive_tract,
ACH-000763,MM1-S,MM1S,,1659818,haematopoietic_and_lymphoid_tissue,SIDM01265
ACH-000764,SH-10-TC,SH10TC,,,stomach,
ACH-000765,WM-983B,WM983B,,,lymph_node,
ACH-000766,NCI-H1648,NCIH1648,,687799,lymph_node,SIDM00746
ACH-000767,NCI-H526,NCIH526,,688025,bone_marrow,SIDM01128
ACH-000768,MDA-MB-231,MDAMB231,,905960,pleural_effusion,SIDM00146
ACH-000769,LK-2,LK2,,687787,lung,SIDM00548
ACH-000770,P31/FUJ,P31FUJ,,909253,haematopoietic_and_lymphoid_tissue,SIDM00363
ACH-000771,BICR 56,BICR56,,,upper_aerodigestive_tract,
ACH-000772,TE 441.T,TE441T,,924248,soft_tissue,SIDM01173
ACH-000773,Ki-JK,KIJK,,,pleural_effusion,
ACH-000774,RERF-LC-Ad2,RERFLCAD2,,,lung,
ACH-000775,NCI-H727,NCIH727,,724855,lung,SIDM01119
ACH-000776,ONS-76,ONS76,,909248,central_nervous_system,SIDM00567
ACH-000777,KYSE-30,KYSE30,,,oesophagus,SIDM00015
ACH-000778,HSC-3,HSC3,,907061,upper_aerodigestive_tract,SIDM00589
ACH-000779,,PC9,,,lung,SIDM00236
ACH-000780,NCI-H1105,NCIH1105,,908468,lymph_node,SIDM00652
ACH-000781,NCI-H2023,NCIH2023,,1240187,lymph_node,SIDM00753
ACH-000782,SEM,SEM,,,haematopoietic_and_lymphoid_tissue,
ACH-000783,CAMA-1,CAMA1,,946382,pleural_effusion,SIDM00920
ACH-000784,KYSE-70,KYSE70,,753576,oesophagus,SIDM01024
ACH-000785,NCI-H2126,NCIH2126,,,haematopoietic_and_lymphoid_tissue,SIDM00775
ACH-000786,Daudi,DAUDI,,906831,haematopoietic_and_lymphoid_tissue,SIDM00845
ACH-000787,LXF-289,LXF289,,753592,lung,SIDM00339
ACH-000788,A2058,A2058,,906792,lymph_node,SIDM00797
ACH-000789,NCI-H810,NCIH810,,925341,lung,SIDM01116
ACH-000790,SHP-77,SHP77,,724872,lung,SIDM01078
ACH-000791,RERF-LC-Ad1,RERFLCAD1,,,lung,
ACH-000792,BFTC-909,BFTC909,,910698,kidney,SIDM00988
ACH-000793,KATO III,KATOIII,,907276,pleural_effusion,SIDM00687
ACH-000794,BICR 22,BICR22,,1240121,lymph_node,SIDM00485
ACH-000795,MOLT-13,MOLT13,,908146,bone_marrow,SIDM00433
ACH-000796,MCAS,MCAS,,,ovary,SIDM00008
ACH-000798,CL-40,CL40,,1240124,Colon,SIDM00960
ACH-000799,Hs 695T,HS695T,,,lymph_node,
ACH-000800,NCI-H446,NCIH446,,688023,pleural_effusion,SIDM00965
ACH-000802,BFTC-905,BFTC905,,910926,urinary_tract,SIDM00989
ACH-000803,COLO 668,COLO668,,910692,central_nervous_system,SIDM00143
ACH-000804,NB-1,NB1,,949179,lymph_node,SIDM00578
ACH-000805,COLO-679,COLO679,,906818,skin,SIDM00284
ACH-000806,L-540,L540,,907323,bone_marrow,SIDM00329
ACH-000807,SNU-738,SNU738,,,central_nervous_system,
ACH-000809,KYSE-410,KYSE410,,753574,oesophagus,SIDM01028
ACH-000810,SK-MEL-30,SKMEL30,,909726,skin,SIDM00392
ACH-000811,SK-OV-3,SKOV3,,905959,ascites,SIDM00079
ACH-000812,COLO-783,COLO783,,1240125,lymph_node,SIDM00955
ACH-000814,Hs 939.T,HS939T,,1298144,skin,SIDM00663
ACH-000815,KM-H2,KMH2,,909976,pleural_effusion,SIDM01018
ACH-000816,NCI-H524,NCIH524,,908483,lymph_node,SIDM01129
ACH-000817,RPMI 8226,RPMI8226,,905964,haematopoietic_and_lymphoid_tissue,SIDM00087
ACH-000818,BT-483,BT483,,949093,breast,SIDM00892
ACH-000819,LN-18,LN18,,1240168,central_nervous_system,SIDM00685
ACH-000820,SW403,SW403,,,Colon,SIDM00836
ACH-000821,EJM,EJM,,1297447,ascites,SIDM01048
ACH-000822,SK-MEL-24,SKMEL24,,909725,lymph_node,SIDM01106
ACH-000823,KYSE-140,KYSE140,,753573,oesophagus,SIDM01032
ACH-000824,KYSE-510,KYSE510,,907321,oesophagus,SIDM01026
ACH-000825,HOP-92,HOP92,,905973,lung,SIDM00134
ACH-000826,CAL-12T,CAL12T,,753540,lung,SIDM00939
ACH-000827,WM-793,WM793,,1299081,skin,SIDM00973
ACH-000828,ZR-75-30,ZR7530,,909907,ascites,SIDM00971
ACH-000829,HuNS1,HUNS1,,,haematopoietic_and_lymphoid_tissue,
ACH-000830,NCI-H1436,NCIH1436,,908469,lymph_node,SIDM00697
ACH-000831,HEC-50B,HEC50B,,,ascites,
ACH-000832,CAL 27,CAL27,,910916,upper_aerodigestive_tract,SIDM00937
ACH-000833,RH-30,RH30,,,bone_marrow,
ACH-000834,UM-UC-1,UMUC1,,,lymph_node,
ACH-000835,GCT,GCT,,906999,soft_tissue,SIDM00853
ACH-000836,YD-15,YD15,,,salivary_gland,
ACH-000838,AMO-1,AMO1,,1295741,ascites,SIDM00993
ACH-000839,SCaBER,SCABER,,,urinary_tract,SIDM00032
ACH-000840,HCC-366,HCC366,,1240144,lung,SIDM01070
ACH-000841,NCI-H2087,NCIH2087,,724834,lymph_node,SIDM00708
ACH-000842,SW 480,SW480,,,lymph_node,SIDM00840
ACH-000843,HARA,HARA,,1240142,pleural_effusion,SIDM00598
ACH-000844,DMS 454,DMS454,,,lung,
ACH-000846,FaDu,FADU,,906863,upper_aerodigestive_tract,SIDM00860
ACH-000847,HGC-27,HGC27,,907055,lymph_node,SIDM00290
ACH-000848,JHH-7,JHH7,,1240160,liver,SIDM00614
ACH-000849,MDA-MB-468,MDAMB468,,908123,pleural_effusion,SIDM00628
ACH-000851,MOR/CPR,MORCPR,,,lung,
ACH-000852,NCI-H1435,NCIH1435,,1298347,lung,SIDM00658
ACH-000853,NCI-H661,NCIH661,,687829,lymph_node,SIDM01122
ACH-000855,KYSE-150,KYSE150,,907317,oesophagus,SIDM01031
ACH-000856,CAL-51,CAL51,,910927,pleural_effusion,SIDM00933
ACH-000857,CAL-85-1,CAL851,,910852,breast,SIDM00928
ACH-000858,KNS-62,KNS62,,753569,central_nervous_system,SIDM00606
ACH-000859,HCC1954,HCC1954,,749709,breast,SIDM00872
ACH-000860,NCI-H358,NCIH358,,908465,lung,SIDM00718
ACH-000861,HOP-62,HOP62,,905972,lung,SIDM00133
ACH-000862,KMBC-2,KMBC2,,,urinary_tract,
ACH-000863,DBTRG-05MG,DBTRG05MG,,906835,central_nervous_system,SIDM00867
ACH-000864,COLO 684,COLO684,,910691,endometrium,SIDM00142
ACH-000865,KYSE-450,KYSE450,,907320,oesophagus,SIDM01027
ACH-000866,NCI-H1048,NCIH1048,,687995,pleural_effusion,SIDM00654
ACH-000867,ChaGo-K-1,CHAGOK1,,687596,lung,SIDM00924
ACH-000868,HCC-1195,HCC1195,,,lung,
ACH-000869,NCI-H1568,NCIH1568,,1298348,lymph_node,SIDM00750
ACH-000871,NCI-H510,NCIH510,,753605,autonomic_ganglia,SIDM00927
ACH-000872,HCC515,HCC515,,,lung,
ACH-000873,KYSE-270,KYSE270,,907319,oesophagus,SIDM01029
ACH-000874,RS4;11,RS411,,909703,bone_marrow,SIDM01086
ACH-000875,NCI-H2347,NCIH2347,,687820,lung,SIDM00726
ACH-000876,MDA-MB-415,MDAMB415,,924240,pleural_effusion,SIDM00630
ACH-000877,EB1,EB1,,,bone,SIDM00862
ACH-000878,HCC-15,HCC15,,1240143,lung,SIDM01072
ACH-000879,MFE-296,MFE296,,908130,endometrium,SIDM00334
ACH-000880,AGS,AGS,,906790,stomach,SIDM00850
ACH-000881,MEL-JUSO,MELJUSO,,908125,skin,SIDM00336
ACH-000882,IGR-1,IGR1,,907169,lymph_node,SIDM01060
ACH-000883,SW 1783,SW1783,,909750,central_nervous_system,SIDM01164
ACH-000884,MDA-MB-435S,MDAMB435S,,,skin,SIDM01222
ACH-000885,TOV-21G,TOV21G,,1240222,ovary,SIDM01169
ACH-000886,NCI-H2009,NCIH2009,,724873,lymph_node,SIDM00756
ACH-000887,SF-172,SF172,,,central_nervous_system,
ACH-000888,NCI-H1793,NCIH1793,,908463,lung,SIDM00755
ACH-000889,KMM-1,KMM1,,,haematopoietic_and_lymphoid_tissue,
ACH-000890,SW 1271,SW1271,,1299062,lung,SIDM01156
ACH-000891,HCC-1438,HCC1438,,,lung,
ACH-000892,NCI-H1563,NCIH1563,,753600,lung,SIDM00751
ACH-000893,NCI-H1651,NCIH1651,,910900,lung,SIDM00744
ACH-000894,NCI-H1869,NCIH1869,,1240183,pleural_effusion,SIDM00768
ACH-000895,CL-34,CL34,,1290771,Colon,SIDM00945
ACH-000896,647-V,647V,,906797,urinary_tract,SIDM00983
ACH-000897,FTC-238,FTC238,,,lung,SIDM00228
ACH-000898,SNU-719,SNU719,,,stomach,
ACH-000900,NCI-H23,NCIH23,,905942,lung,SIDM00138
ACH-000901,HCC-1359,HCC1359,,,lung,
ACH-000902,CAL-148,CAL148,,924106,pleural_effusion,SIDM00938
ACH-000903,FTC-133,FTC133,,906864,thyroid,SIDM00213
ACH-000905,5637,5637,,687452,urinary_tract,SIDM00807
ACH-000906,ES-2,ES2,,1240128,ovary,SIDM00861
ACH-000907,SNU-349,SNU349,,,kidney,
ACH-000910,MDA-MB-453,MDAMB453,,908122,pericardial_effusion,SIDM00272
ACH-000911,NUGC-3,NUGC3,,908455,soft_tissue,SIDM00572
ACH-000912,NCI-H2286,NCIH2286,,,lung,SIDM00017
ACH-000913,ESS-1,ESS1,,907000,endometrium,SIDM01043
ACH-000914,HT,HT,,907063,ascites,SIDM00661
ACH-000915,IPC-298,IPC298,,907171,skin,SIDM01059
ACH-000916,NCI-H1573,NCIH1573,,908472,soft_tissue,SIDM00749
ACH-000917,TE-4,TE4,,1503371,lymph_node,SIDM00250
ACH-000918,MOLT-16,MOLT16,,908147,haematopoietic_and_lymphoid_tissue,SIDM00431
ACH-000919,IM95,IM95,,1240155,stomach,SIDM00602
ACH-000920,CML-T1,CMLT1,,910951,haematopoietic_and_lymphoid_tissue,SIDM00958
ACH-000921,NCI-H157-DM,NCIH157DM,,,pleural_effusion,
ACH-000922,RCH-ACV,RCHACV,,1330994,bone_marrow,SIDM00449
ACH-000923,BCP-1,BCP1,,,haematopoietic_and_lymphoid_tissue,
ACH-000924,NCI-H2172,NCIH2172,,1298353,lung,SIDM00926
ACH-000925,DV-90,DV90,,,pleural_effusion,
ACH-000926,HT55,HT55,,907287,large_intestine,SIDM00541
ACH-000927,BT-474,BT474,,946359,breast,SIDM00963
ACH-000928,JHUEM-1,JHUEM1,,,endometrium,
ACH-000929,NCI-H2110,NCIH2110,,1298351,pleural_effusion,SIDM00703
ACH-000930,HCC1569,HCC1569,,907046,breast,SIDM00878
ACH-000931,HMCB,HMCB,CHL-1,,skin,SIDM00914
ACH-000932,SNU-1,SNU1,,908444,stomach,SIDM01146
ACH-000933,SNU-324,SNU324,,,pancreas,
ACH-000934,MDA-MB-361,MDAMB361,,908121,central_nervous_system,SIDM00528
ACH-000935,MDST8,MDST8,,1240173,large_intestine,SIDM00527
ACH-000936,EFO-27,EFO27,,906852,abdomen,SIDM01051
ACH-000937,PF-382,PF382,,909260,pleural_effusion,SIDM00451
ACH-000938,NALM-6,NALM6,,908158,haematopoietic_and_lymphoid_tissue,SIDM00429
ACH-000939,SK-UT-1,SKUT1,,909732,endometrium,SIDM01113
ACH-000940,AN3 CA,AN3CA,,910781,endometrium,SIDM00901
ACH-000941,HEC-1-B,HEC1B,,,endometrium,SIDM01241
ACH-000942,HPB-ALL,HPBALL,,,haematopoietic_and_lymphoid_tissue,
ACH-000943,RKO,RKO,,909698,Colon,SIDM01090
ACH-000944,NAMALWA,NAMALWA,,908159,haematopoietic_and_lymphoid_tissue,SIDM00641
ACH-000945,NCI-H650,NCIH650,,722066,lung,SIDM01124
ACH-000946,HEC-265,HEC265,,,endometrium,
ACH-000947,OVK18,OVK18,,1480371,ascites,SIDM00238
ACH-000948,23132/87,2313287,,910924,stomach,SIDM00980
ACH-000949,TGBC11TKB,TGBC11TKB,,909770,lymph_node,SIDM00251
ACH-000950,LoVo,LOVO,,907790,lymph_node,SIDM00839
ACH-000951,NCI-H2342,NCIH2342,,687819,lung,SIDM00727
ACH-000953,SUP-T1,SUPT1,Sup-T1,909743,pleural_effusion,SIDM01154
ACH-000954,HEC-1-A,HEC1A,,,endometrium,SIDM00595
ACH-000955,SNU-407,SNU407,,1660034,soft_tissue,SIDM00214
ACH-000956,22Rv1,22RV1,22-RV1,924100,prostate,SIDM00499
ACH-000957,LS 180,LS180,,998189,Colon,SIDM00680
ACH-000958,SW48,SW48,,909751,Colon,SIDM00837
ACH-000959,SNU-C4,SNUC4,,,large_intestine,SIDM00500
ACH-000960,Reh,REH,,909696,haematopoietic_and_lymphoid_tissue,SIDM00447
ACH-000961,Ishikawa (Heraklio) 02 ER-,ISHIKAWAHERAKLIO02ER,,,endometrium,SIDM00037
ACH-000962,OC 314,OC314,,909257,ascites,SIDM00220
ACH-000963,CCK-81,CCK81,,1240123,large_intestine,SIDM00487
ACH-000964,MOLT-3,MOLT3,,,haematopoietic_and_lymphoid_tissue,SIDM00153
ACH-000965,RL95-2,RL952,,930082,endometrium,SIDM01088
ACH-000966,IGROV1,IGROV1,,905968,ovary,SIDM00151
ACH-000967,SNU-C2A,SNUC2A,,,large_intestine,SIDM00780
ACH-000968,COLO 792,COLO792,,906814,central_nervous_system,SIDM00140
ACH-000969,KM12,KM12,,905989,large_intestine,SIDM00150
ACH-000970,SNU-C5,SNUC5,,1674021,Colon,SIDM00498
ACH-000971,HCT 116,HCT116,,905936,large_intestine,SIDM00783
ACH-000972,HEC-151,HEC151,,,endometrium,
ACH-000973,639-V,639V,,906798,urinary_tract,SIDM00999
ACH-000974,SNG-M,SNGM,,909735,lymph_node,SIDM00373
ACH-000975,,HCC2450,,,lung,
ACH-000976,HuCCT1,HUCCT1,,907069,ascites,SIDM00587
ACH-000977,LNCaP clone FGC,LNCAPCLONEFGC,"LNCAPCLONEFGC, LN-Cap-cloneFGC, LNCaP clone FGC",907788,lymph_node,SIDM00683
ACH-000978,EN,EN,,1240127,endometrium,SIDM01045
ACH-000979,DU 145,DU145,,905935,central_nervous_system,SIDM00120
ACH-000980,NCI-H1155,NCIH1155,,908467,lymph_node,SIDM00651
ACH-000981,DND-41,DND41,,1297446,haematopoietic_and_lymphoid_tissue,SIDM00946
ACH-000982,GP2d,GP2D,,,Colon,SIDM00536
ACH-000983,KCL-22,KCL22,,1330931,pleural_effusion,SIDM01004
ACH-000984,HEC-6,HEC6,,,endometrium,
ACH-000985,LS411N,LS411N,,907794,large_intestine,SIDM00660
ACH-000986,HT115,HT115,,907289,Colon,SIDM00534
ACH-000987,MeWo,MEWO,,908128,lymph_node,SIDM00545
ACH-000988,MFE-319,MFE319,,1240174,endometrium,SIDM00333
ACH-000989,SNU-175,SNU175,,1659928,abdomen,SIDM00216
ACH-000990,HEC-108,HEC108,,,endometrium,
ACH-000991,SNU-81,SNU81,,1660036,Colon,SIDM00193
ACH-000992,BICR 18,BICR18,,,lymph_node,
ACH-000993,JHUEM-7,JHUEM7,,,endometrium,
ACH-000994,HEC-59,HEC59,,,endometrium,
ACH-000995,JURKAT,JURKAT,,998184,haematopoietic_and_lymphoid_tissue,SIDM01016
ACH-000996,HEC-251,HEC251,,,endometrium,
ACH-000997,HCT-15,HCT15,,905937,large_intestine,SIDM00789
ACH-000998,CW-2,CW2,,910554,large_intestine,SIDM00282
ACH-000999,SNU-1040,SNU1040,,1659823,Colon,SIDM00217
ACH-001001,143B,143B,,,bone,SIDM00804
ACH-001002,,451LU,,1287706,lymph_node,SIDM01240
ACH-001016,Becker,BECKER,,906746,central_nervous_system,SIDM00490
ACH-001020,BT-16,BT16,,,soft_tissue,
ACH-001021,,C3A,,910850,liver,SIDM01237
ACH-001022,CBAGPN,CBAGPN,CB-AGPN,,bone,
ACH-001023,CGTH-W-1,CGTHW1,,910568,thyroid,SIDM01248
ACH-001024,CHL-1,CHL1,HMCB,910853,pleural_effusion,SIDM01228
ACH-001028,CHLA-06,CHLA06ATRT,,,central_nervous_system,
ACH-001029,CHLA-10,CHLA10,,,lymph_node,
ACH-001030,,CHLA218,,,bone,
ACH-001031,CHLA-266,CHLA266,,,soft_tissue,
ACH-001032,CHLA-32,CHLA32,,,bone,
ACH-001033,CHLA-57,CHLA57,,,,
ACH-001034,CHLA-9,CHLA9,,,bone,
ACH-001035,CHLA-99,CHLA99,,,bone,
ACH-001036,CMK-11-5,CMK115,,,haematopoietic_and_lymphoid_tissue,SIDM01235
ACH-001038,,COGE352,COG-E-352,,haematopoietic_and_lymphoid_tissue,
ACH-001039,COLO 205,COLO205,,905961,ascites,SIDM00826
ACH-001041,CHL-1-DM,CHL1DM,,,pleural_effusion,SIDM00911
ACH-001044,,COLO818,,,skin,SIDM01153
ACH-001048,COV504,COV504,,,pleural_effusion,
ACH-001049,,CPCN,CPC-N,753547,pleural_effusion,SIDM00953
ACH-001050,CW9019,CW9019,,,soft_tissue,
ACH-001053,D425,D425,,,central_nervous_system,
ACH-001054,D458,D458,,,central_nervous_system,
ACH-001057,,DERL2,,,haematopoietic_and_lymphoid_tissue,
ACH-001059,,DL,,,soft_tissue,
ACH-001060,,DL40,DL-40,,haematopoietic_and_lymphoid_tissue,
ACH-001061,DLD-1,DLD1,,,large_intestine,SIDM00787
ACH-001063,DOV13,DOV13,,1479987,ovary,SIDM00969
ACH-001064,EB-2,EB2,,906846,ovary,SIDM00863
ACH-001065,,EVSAT,,906862,ascites,SIDM01042
ACH-001067,F5,F5,,,central_nervous_system,
ACH-001068,,FEPD,,,haematopoietic_and_lymphoid_tissue,
ACH-001072,GR-M,GRM,PSN1,,pancreas,SIDM00468
ACH-001075,NCI-H292,NCIH292,H292,753604,lymph_node,SIDM00493
ACH-001081,,HCC2998,,905971,large_intestine,SIDM00118
ACH-001084,HCT8,HCT8,,,large_intestine,SIDM00786
ACH-001086,,HELA,HeLa,1298134,cervix,SIDM00846
ACH-001089,,HLE,,907057,liver,SIDM00064
ACH-001090,,HN,,907059,lymph_node,SIDM01061
ACH-001091,HRT18,HRT18,,,large_intestine,SIDM00788
ACH-001094,,HTK,,,haematopoietic_and_lymphoid_tissue,SIDM00805
ACH-001096,JR,JR,JR-1,,soft_tissue,
ACH-001101,,KLM1,,,liver,
ACH-001106,KOPN-8,KOPN8,,1330933,haematopoietic_and_lymphoid_tissue,SIDM01034
ACH-001107,,KP1N,,1298216,pancreas,SIDM00583
ACH-001111,L82,L82,,,pleural_effusion,
ACH-001113,LC-1/sq-SF,LC1SQSF,LC-1F,,lung,SIDM01226
ACH-001118,,M059J,,949094,central_nervous_system,SIDM00659
ACH-001119,Mac-2A,MAC2A,,,skin,
ACH-001121,,MEC2,,,haematopoietic_and_lymphoid_tissue,SIDM00827
ACH-001125,,MOGGCCM,,908144,central_nervous_system,SIDM00532
ACH-001126,,MOGGUVW,,908145,central_nervous_system,SIDM00504
ACH-001127,,MOLT4,MOLT-4,905958,haematopoietic_and_lymphoid_tissue,SIDM00145
ACH-001128,MON,MON,,,soft_tissue,
ACH-001129,MONO-MAC-1,MONOMAC1,,,haematopoietic_and_lymphoid_tissue,SIDM01022
ACH-001131,MS-1,MSDASH1,MS-1,753594,autonomic_ganglia,SIDM00408
ACH-001136,NCI-H187,NCIH187,H187,688007,pleural_effusion,SIDM00767
ACH-001137,NCI-H1993,NCIH1993,H1933,908476,lymph_node,SIDM00758
ACH-001138,NCI-H2141,NCIH2141,H2141,688014,lymph_node,SIDM00699
ACH-001145,OC 316,OC316,,,ascites,SIDM00219
ACH-001151,OVCAR-5,OVCAR5,,905969,ascites,SIDM00091
ACH-001171,,PL45,,,pancreas,SIDM01115
ACH-001182,RPMI 6666,RPMI6666,,909701,haematopoietic_and_lymphoid_tissue,SIDM00813
ACH-001183,,RT11284,,,urinary_tract,SIDM01202
ACH-001184,SCMC-RM2,SCMCRM2,,,bone_marrow,
ACH-001188,SH-SY5Y,SHSY5Y,,,bone_marrow,SIDM01236
ACH-001189,,SJRH30,,909716,bone_marrow,SIDM01095
ACH-001190,SK-MEL-2,SKMEL2,,905955,skin,SIDM00082
ACH-001192,SK-NEP-1,SKNEP1,HTB-48,,pleural_effusion,SIDM00027
ACH-001193,SK-PN-DW,SKPNDW,,909731,Embryonal,SIDM01097
ACH-001196,SMS-CTR,SMSCTR,,,soft_tissue,
ACH-001198,,SNB19,SNB-19,,central_nervous_system,SIDM00109
ACH-001199,SNUC2B,SNUC2B,,909740,large_intestine,SIDM00781
ACH-001203,SUP-HD1,SUPHD1,,1331039,pleural_effusion,SIDM00422
ACH-001205,TC-32,TC32,,,bone,
ACH-001208,,TK10,,905980,kidney,SIDM00113
ACH-001210,TTC-1240,TTC1240,,,central_nervous_system,
ACH-001211,TTC-549,TTC549,,,soft_tissue,
ACH-001212,TTC-642,TTC642,,,soft_tissue,
ACH-001214,,U138MG,,,central_nervous_system,SIDM01192
ACH-001227,UPCI-SCC-090,UPCISCC090,"UPCISCC090, UPCI:SCC090,  UPCI-SCC-090",1299052,upper_aerodigestive_tract,SIDM00399
ACH-001228,,UPCISCC152,"UPCISCC152, UPCI:SCC152",,upper_aerodigestive_tract,SIDM00398
ACH-001232,,UW228,,,central_nervous_system,
ACH-001233,VMRC-LCD,VMRCLCD,,713869,lung,SIDM00320
ACH-001239,WM-266-4,WM2664,,,skin,SIDM00979
ACH-001249,,YMB1,,,ascites,SIDM01260
ACH-001270,1273/99,127399,,,soft_tissue,
ACH-001274,SW982,SW982,,909759,soft_tissue,SIDM01161
ACH-001275,SYO1,SYO1,,,soft_tissue,
ACH-001277,Yamato,YAMATO,,,soft_tissue,
ACH-001278,BIN-67,BIN67,,,bone,
ACH-001280,SCS-214,SCS214,,,soft_tissue,
ACH-001283,TC-106,TC106,,,skin,
ACH-001289,COG-AR-359,COGAR359,,,central_nervous_system,
ACH-001295,Y-79,Y79,,,eye,
ACH-001300,CHLA15,CHLA15,,,autonomic_ganglia,
ACH-001301,COGN278,COGN278,,,autonomic_ganglia,
ACH-001302,COG-N-305,COGN305,,,autonomic_ganglia,
ACH-001303,NB1643,NB1643,,,abdomen,
ACH-001306,8305C,8305C,,906795,thyroid,SIDM00997
ACH-001307,8505C,8505C,,924102,thyroid,SIDM00996
ACH-001318,PLC/PRF/5,PLCPRF5,,,liver,
ACH-001321,TT,TT,,,thyroid,SIDM00484
ACH-001322,CME-1,CME1,,,soft_tissue,
ACH-001328,A-431,A431,,910925,skin,SIDM00995
ACH-001329,ANGM-CSS,ANGMCSS,,,central_nervous_system,
ACH-001331,BICR 10,BICR10,,1290724,upper_aerodigestive_tract,SIDM00077
ACH-001332,BICR 78,BICR78,,1240122,upper_aerodigestive_tract,SIDM00501
ACH-001333,C-33 A,C33A,,687505,cervix,SIDM00889
ACH-001334,C-4 I,C4I,,687506,cervix,SIDM00905
ACH-001335,C-4 II,C4II,,,cervix,SIDM00906
ACH-001336,Ca Ski,CASKI,,906824,small_intestine,SIDM00923
ACH-001338,CHP-134,CHP134,,910941,autonomic_ganglia,SIDM00285
ACH-001339,Colo 794,COLO794,,,skin,SIDM00514
ACH-001340,COV413A,COV413A,,,large_intestine,
ACH-001341,DoTc2 4510,DOTC24510,,906843,cervix,SIDM00864
ACH-001344,GI-ME-N,GIMEN,,906872,bone_marrow,SIDM00227
ACH-001345,GP5d,GP5D,,907291,Colon,SIDM00537
ACH-001346,H103,H103,,,upper_aerodigestive_tract,
ACH-001350,HTC-C3,HTCC3,,924151,pleural_effusion,SIDM00496
ACH-001353,JOPACA-1,JOPACA1,,,pancreas,
ACH-001354,LAN-2,LAN2,,,autonomic_ganglia,
ACH-001355,LAN-6,LAN6,,949170,bone_marrow,SIDM00330
ACH-001358,MDA-MB-330,MDAMB330,,1330941,pleural_effusion,SIDM00631
ACH-001359,ME-180,ME180,,687514,abdomen,SIDM00627
ACH-001360,MS751,MS751,,1240179,lymph_node,SIDM00638
ACH-001362,NCI-H1770,NCIH1770,H1770,687804,lymph_node,SIDM00737
ACH-001363,NCI-H2135,NCIH2135,H2135,1298352,lung,SIDM00700
ACH-001364,NCI-H345,NCIH345,H345,688021,bone_marrow,SIDM00719
ACH-001365,NCI-H847,NCIH847,H847,1240193,pleural_effusion,SIDM01149
ACH-001367,NMB,NMB,,,bone_marrow,
ACH-001368,OAC-M5.1,OACM51,,1503363,lymph_node,SIDM00444
ACH-001369,OCI-C5x,OCIC5X,,,ovary,
ACH-001373,OV17R,OV17R,,1480361,ascites,SIDM00476
ACH-001374,PA-1 [PA1],PA1,,909255,ascites,SIDM01140
ACH-001375,PACADD-119,PACADD119,,,pancreas,
ACH-001376,PACADD-135,PACADD135,,,lymph_node,
ACH-001377,PACADD-137,PACADD137,,,pancreas,
ACH-001378,PACADD-159,PACADD159,,,pancreas,
ACH-001379,PACADD-161,PACADD161,,,liver,
ACH-001380,PACADD-165,PACADD165,,,ascites,
ACH-001382,PACADD-188,PACADD188,,,pancreas,
ACH-001383,PWR-1E,PWR1E,,1330993,prostate,SIDM01114
ACH-001384,RO82-W-1,RO82W1,,930083,thyroid,SIDM00218
ACH-001385,RPMI 2650,RPMI2650,,909700,pleural_effusion,SIDM00809
ACH-001386,SCLC-22H,SCLC22H,,,pleural_effusion,SIDM00028
ACH-001390,SUM-149PT,SUM149PT,,,breast,
ACH-001391,SUM-159PT,SUM159PT,,,breast,
ACH-001392,SUM-185PE,SUM185PE,,,pleural_effusion,
ACH-001394,SUM-229PE,SUM229PE,,,pleural_effusion,
ACH-001396,"SUM-52PE, SUM52",SUM52PE,,,pleural_effusion,
ACH-001398,SW 156,SW156,,1240220,kidney,SIDM01162
ACH-001399,SW 626,SW626,,909753,ovary,SIDM01168
ACH-001400,SW 954,SW954,,924247,cervix,SIDM01157
ACH-001401,SW-13,SW13,,909744,autonomic_ganglia,SIDM00814
ACH-001402,SW756,SW756,,724839,cervix,SIDM01174
ACH-001403,TO14,TO14,,,abdomen,
ACH-001407,UM-UC-13,UMUC13,,,lymph_node,
ACH-001408,UM-UC-14,UMUC14,,,urinary_tract,
ACH-001409,UM-UC-16,UMUC16,,,urinary_tract,
ACH-001412,UM-UC-10,UMUC10,,,urinary_tract,
ACH-001413,UM-UC-11,UMUC11,,,urinary_tract,
ACH-001414,UM-UC-6,UMUC6,,,urinary_tract,
ACH-001415,UM-UC7,UMUC7,,,urinary_tract,
ACH-001416,UM-UC9,UMUC9,,,urinary_tract,
ACH-001417,UMC-11,UMC11,,909779,lung,SIDM01183
ACH-001418,UWB1.289,UWB1289,,1480374,ovary,SIDM00815
ACH-001421,WERI-Rb-1,WERIRB1,,,eye,
ACH-001430,TC138,TC138,,,bone,
ACH-001431,TC205,TC205,,,bone,
ACH-001442,A388,A388,,910697,lymph_node,SIDM00794
ACH-001443,ASH-3,ASH3,,1290722,thyroid,SIDM00491
ACH-001450,BLUE-1,BLUE1,,,bone_marrow,
ACH-001451,BOKU,BOKU,,,cervix,SIDM00073
ACH-001452,BONNA-12,BONNA12,,906695,spleen,SIDM00984
ACH-001453,BPH-1,BPH1,,924105,prostate,SIDM00964
ACH-001454,C10,C10,,,large_intestine,
ACH-001456,C125PM,C125PM,,,large_intestine,
ACH-001458,C75,C75,,,large_intestine,
ACH-001459,C80,C80,,,large_intestine,
ACH-001460,C84,C84,,,large_intestine,
ACH-001461,C99,C99,,,large_intestine,
ACH-001484,CI,CI,,,haematopoietic_and_lymphoid_tissue,
ACH-001485,CII,CII,,,haematopoietic_and_lymphoid_tissue,
ACH-001489,COR-L32,CORL32,,1322212,bone_marrow,SIDM00508
ACH-001490,COR-L321,CORL321,,1322213,lung,SIDM00507
ACH-001494,EGI-1,EGI1,,906853,biliary_tract,SIDM01050
ACH-001496,ESO26,ESO26,,1503366,oesophagus,SIDM00539
ACH-001497,ESO51,ESO51,,1503367,oesophagus,SIDM00538
ACH-001498,Farage,FARAGE,,1297449,lymph_node,SIDM00859
ACH-001500,FLO-1,FLO1,,1503361,oesophagus,SIDM01041
ACH-001517,HEC-1,HEC1,,907051,endometrium,SIDM00596
ACH-001519,H-EMC-SS,HEMCSS,,907290,soft_tissue,SIDM00535
ACH-001521,HKA-1,HKA1,,,skin,
ACH-001522,HMY-1,HMY1,,,lymph_node,
ACH-001523,HSC-1,HSC1,,,skin,
ACH-001525,HT-3,HT3,,907068,lymph_node,SIDM00679
ACH-001526,HuO9,HUO9,,907072,bone,SIDM00599
ACH-001528,IHH-4,IHH4,,1240154,lymph_node,SIDM00600
ACH-001529,JAR,JAR,,907175,Placenta,SIDM01039
ACH-001530,JEG-3,JEG3,,907176,central_nervous_system,SIDM01218
ACH-001532,JMU-RTK-2,JMURTK2,,,central_nervous_system,
ACH-001536,KKU-100,KKU100,,,liver,
ACH-001542,KON,KON,,1298215,upper_aerodigestive_tract,SIDM00604
ACH-001543,KOSC-2,KOSC2,KOSC-2,753570,upper_aerodigestive_tract,SIDM00603
ACH-001544,KYAE-1,KYAE1,,1503368,pleural_effusion,SIDM00530
ACH-001549,Lu-135,LU135,,713899,lung,SIDM00294
ACH-001550,MCC13,MCC13,,,lymph_node,SIDM00007
ACH-001551,MCC14/2,MCC142,,,lymph_node,
ACH-001552,MCC26,MCC26,,,skin,SIDM00006
ACH-001554,mel-202,MEL202,,,uvea,
ACH-001563,MM127,MM127,,,skin,
ACH-001566,MM370,MM370,,,lymph_node,
ACH-001567,MM383,MM383,,,lymph_node,
ACH-001568,MM386,MM386,,,lymph_node,
ACH-001570,MM426,MM426,,,lymph_node,
ACH-001574,MOLM-14,MOLM14,,,haematopoietic_and_lymphoid_tissue,SIDM00436
ACH-001578,NCCIT,NCCIT,,908441,lung,SIDM00655
ACH-001591,NCI-H1417,NCIH1417,H1417,688001,lung,SIDM00642
ACH-001599,NCI-H64,NCIH64,H64,688026,lymph_node,SIDM01126
ACH-001603,NH-12,NH12,,908447,autonomic_ganglia,SIDM00577
ACH-001605,no.10,NO10,ONDA10,908452,central_nervous_system,SIDM00574
ACH-001606,no.11,NO11,ONDA11,908450,central_nervous_system,SIDM00573
ACH-001611,NP 8,NP8,,,central_nervous_system,
ACH-001617,OCI-LY7,OCILY7,,1659819,haematopoietic_and_lymphoid_tissue,SIDM00459
ACH-001625,OSC-19,OSC19,,1298362,lymph_node,SIDM00566
ACH-001626,OSC-20,OSC20,,1240196,lymph_node,SIDM00565
ACH-001628,PEA1,PEA1,,,pleural_effusion,
ACH-001630,PEO1,PEO1,,1480372,ascites,SIDM00472
ACH-001632,PEO4,PEO4,,,ascites,SIDM00471
ACH-001636,Ramos,RAMOS,RA 1,,ascites,SIDM01094
ACH-001638,RC-K8,RCK8,,1330995,ascites,SIDM00448
ACH-001639,ROS-50,ROS50,,1331025,haematopoietic_and_lymphoid_tissue,SIDM00415
ACH-001641,SAT,SAT,,1299050,upper_aerodigestive_tract,SIDM00350
ACH-001642,SCC-3,SCC3,,910930,pleural_effusion,SIDM00384
ACH-001645,SEKI,SEKI,,,skin,
ACH-001650,SISO,SISO,,1240212,cervix,SIDM00394
ACH-001653,SK-GT-2,SKGT2,,1503364,stomach,SIDM00393
ACH-001654,SK-GT-4,SKGT4,,1503365,oesophagus,SIDM00483
ACH-001655,SKN,SKN,,1240215,endometrium,SIDM00377
ACH-001669,TANOUE,TANOUE,,,haematopoietic_and_lymphoid_tissue,SIDM00288
ACH-001670,TASK1,TASK1,,,central_nervous_system,SIDM00026
ACH-001673,TFK-1,TFK1,,,biliary_tract,
ACH-001674,TGW,TGW,,910780,autonomic_ganglia,SIDM00324
ACH-001677,U-2904,U2904,,,pleural_effusion,
ACH-001680,U-698-M,U698M,,909777,upper_aerodigestive_tract,SIDM00424
ACH-001702,VA-ES-BJ,VAESBJ,,688121,bone_marrow,SIDM01179
ACH-001703,VAL,VAL,,1331048,bone_marrow,SIDM00416
ACH-001704,VMRC-MELG,VMRCMELG,,930301,Colon,SIDM00319
ACH-001709,WSU-NHL,WSUNHL,,909785,pleural_effusion,SIDM00412
ACH-001711,PFSK-1,PFSK1,,683667,central_nervous_system,SIDM01132
ACH-001715,CAL-72,CAL72,,906827,bone,SIDM00930
ACH-001716,GOTO,GOTO,,906875,autonomic_ganglia,SIDM00544
ACH-001735,SEMK2,SEMK2,,,haematopoietic_and_lymphoid_tissue,
ACH-001736,HB1119,HB1119,,,haematopoietic_and_lymphoid_tissue,
ACH-001737,CTV-1-DM,CTV1DM,,,haematopoietic_and_lymphoid_tissue,
ACH-001738,CCRF-CEM,CCRFCEM,,905952,haematopoietic_and_lymphoid_tissue,SIDM00121
ACH-001740,RH28,RH28,,,lymph_node,
ACH-001745,RhJT,RHJT,,,soft_tissue,
ACH-001750,TTC442,TTC442,,,soft_tissue,
ACH-001751,Rh36,RH36,,,soft_tissue,
ACH-001765,Rh4,RH4,,,liver,
ACH-001819,MFM-223,MFM223,,,pleural_effusion,SIDM00332
ACH-001820,COLO-824,COLO824,,,pleural_effusion,SIDM00954
ACH-001858,SSP-25,SSP25,,,biliary_tract,SIDM00275
ACH-001861,TGBC1TKB,TGBC1TKB,TGBC1TKB,,lymph_node,SIDM00252
ACH-001956,Mug-Chor-1,MUGCHOR1,,,bone,
ACH-001957,Um-Chor1,UMCHOR1,,,bone,
ACH-001958,MS1,MS1,"MS-1-L, MS1,  Ms1",,lung,SIDM00245
ACH-002005,SK-MEL-19,SKMEL19,SK-MEL-19,,skin,
ACH-002020,SKG-IIIa,SKGIIIA,,,cervix,SIDM00381
ACH-002024,ECC4,ECC4,,,large_intestine,SIDM00069
ACH-002029,SAS,SAS,,,upper_aerodigestive_tract,SIDM00351
ACH-002040,HMV-II,HMVII,,,skin,SIDM00291
ACH-002043,Ca9-22,CA922,,,upper_aerodigestive_tract,SIDM00489
ACH-002045,HO-1-u-1,HO1U1,,,upper_aerodigestive_tract,SIDM00591
ACH-002051,Lu-134-A,LU134A,,,lung,SIDM00296
ACH-002052,Lu-139,LU139,,,lung,SIDM00293
ACH-002058,ATN-1,ATN1,,,haematopoietic_and_lymphoid_tissue,SIDM00233
ACH-002059,P30/OHK,P30OHK,,,bone_marrow,SIDM00364
ACH-002062,SLVL,SLVL,,,haematopoietic_and_lymphoid_tissue,SIDM00374
ACH-002067,NOS-1,NOS1,,,bone,SIDM00242
ACH-002077,Lu-165,LU165,,,lymph_node,SIDM00292
ACH-002083,NB69,NB69,,,autonomic_ganglia,SIDM00244
ACH-002084,MMAc,MMAC,,,ascites,SIDM00246
ACH-002089,201T,201T,,1287381,lung,SIDM00055
ACH-002090,BB65-RCC,BB65RCC,,753533,kidney,SIDM00191
ACH-002091,CAL-39,CAL39,,924107,cervix,SIDM00935
ACH-002092,CHSA0011,CHSA0011,,1290767,bone,SIDM00051
ACH-002093,CHSA0108,CHSA0108,,1290768,bone,SIDM00050
ACH-002094,CHSA8926,CHSA8926,,1303912,bone,SIDM00176
ACH-002095,COR-L303,CORL303,,1297438,lung,SIDM00510
ACH-002096,CP50-MEL-B,CP50MELB,,753545,skin,SIDM00175
ACH-002097,CP66-MEL,CP66MEL,,753546,skin,SIDM00190
ACH-002098,CP67-MEL,CP67MEL,,949092,skin,SIDM00189
ACH-002099,CS1,CS1,,1290795,bone,SIDM00199
ACH-002100,DJM-1,DJM1,,906841,skin,SIDM00281
ACH-002101,EMC-BAC-1,EMCBAC1,,1503369,lung,SIDM00048
ACH-002102,EMC-BAC-2,EMCBAC2,,1503370,lung,SIDM00047
ACH-002103,ES1,ES1,,949158,bone,SIDM00266
ACH-002104,ES3,ES3,,684055,bone,SIDM00265
ACH-002105,ES4,ES4,,949156,bone,SIDM00264
ACH-002106,ES5,ES5,,684057,bone,SIDM00263
ACH-002107,ES6,ES6,,949157,bone,SIDM00262
ACH-002108,ES7,ES7,,684059,bone,SIDM00269
ACH-002109,ES8,ES8,,949155,bone,SIDM00261
ACH-002110,EW-1,EW1,,949163,pleural_effusion,SIDM00205
ACH-002111,EW-11,EW11,,684062,lymph_node,SIDM00203
ACH-002112,EW-12,EW12,,949162,bone,SIDM00200
ACH-002113,EW-13,EW13,,949166,bone,SIDM00621
ACH-002114,EW-16,EW16,,949165,bone,SIDM00198
ACH-002115,EW-18,EW18,,949164,bone,SIDM00197
ACH-002116,EW-22,EW22,,949167,bone,SIDM00196
ACH-002117,EW-24,EW24,,949168,bone,SIDM00195
ACH-002118,EW-3,EW3,,949161,pleural_effusion,SIDM00202
ACH-002119,EW-7,EW7,,949160,pleural_effusion,SIDM00201
ACH-002120,GAK,GAK,,910932,lymph_node,SIDM00543
ACH-002121,G-MEL,GMEL,,1240130,skin,SIDM00129
ACH-002122,GT3TKB,GT3TKB,,907041,pleural_effusion,SIDM01231
ACH-002123,H2369,H2369,,1290808,lung,SIDM00104
ACH-002124,H2373,H2373,,1290809,lung,SIDM00103
ACH-002125,H2461,H2461,,1290810,lung,SIDM00102
ACH-002126,H2591,H2591,,1240131,lung,SIDM00101
ACH-002127,H2595,H2595,,1240132,lung,SIDM00100
ACH-002128,H2722,H2722,,1290812,lung,SIDM00099
ACH-002129,H2731,H2731,,1240134,lung,SIDM00098
ACH-002130,H2795,H2795,,1290813,lung,SIDM00154
ACH-002131,H2803,H2803,,1240135,lung,SIDM00309
ACH-002132,H2804,H2804,,1240136,lung,SIDM00310
ACH-002133,H2810,H2810,,1240137,lung,SIDM00311
ACH-002134,H2818,H2818,,1290814,lung,SIDM00520
ACH-002135,H2869,H2869,,1240138,lung,SIDM00519
ACH-002136,H290,H290,,1240139,lung,SIDM00518
ACH-002138,H513,H513,,1240141,,
ACH-002139,HA7-RCC,HA7RCC,,753558,kidney,SIDM00188
ACH-002140,Hey,HEY,,1479988,ovary,SIDM00968
ACH-002141,HSC-39,HSC39,,1322224,ascites,SIDM00045
ACH-002142,HuO-3N1,HUO3N1,,909977,bone,SIDM00584
ACH-002143,IST-MEL1,ISTMEL1,,907172,skin,SIDM00225
ACH-002144,IST-SL1,ISTSL1,,753564,lymph_node,SIDM00223
ACH-002145,IST-SL2,ISTSL2,,753565,pleural_effusion,SIDM00230
ACH-002146,JHOS-3,JHOS3,,1480358,ovary,SIDM00304
ACH-002147,K2,K2,,1298160,skin,SIDM00126
ACH-002148,K5,K5,,924238,thyroid,SIDM00056
ACH-002149,KGN,KGN,,924186,abdomen,SIDM00302
ACH-002150,LB1047-RCC,LB1047RCC,,753577,kidney,SIDM00187
ACH-002151,LB2241-RCC,LB2241RCC,,753578,kidney,SIDM00186
ACH-002152,LB2518-MEL,LB2518MEL,,753579,skin,SIDM00185
ACH-002153,LB373-MEL-D,LB373MELD,,753581,skin,SIDM00184
ACH-002154,LB647-SCLC,LB647SCLC,,753582,lung,SIDM00183
ACH-002155,LB996-RCC,LB996RCC,,753585,kidney,SIDM00180
ACH-002156,LC-1-sq,LC1SQ,,1298223,lung,SIDM00300
ACH-002157,LC-2-ad,LC2AD,,907786,pleural_effusion,SIDM00297
ACH-002158,LU-99A,LU99A,,907796,lung,SIDM01219
ACH-002159,M14,M14,,905975,skin,SIDM00003
ACH-002160,MC-IXC,MCIXC,,908118,bone,SIDM01246
ACH-002161,MKN28,MKN28,,908139,liver,SIDM00260
ACH-002162,MMAC-SF,MMACSF,,925339,ascites,SIDM01242
ACH-002163,MRK-nu-1,MRKNU1,,908151,breast,SIDM00562
ACH-002164,MZ1-PC,MZ1PC,,753595,pancreas,SIDM00053
ACH-002165,MZ2-MEL,MZ2MEL,,971777,skin,SIDM00179
ACH-002166,MZ7-mel,MZ7MEL,,753596,skin,SIDM00516
ACH-002167,NCC010,NCC010,,1509073,kidney,SIDM00231
ACH-002168,NCC021,NCC021,,1509074,kidney,SIDM00232
ACH-002169,NCI-H1304,NCIH1304,,753599,lung,SIDM00648
ACH-002170,NCI-H1688,NCIH1688,,1298349,liver,SIDM00792
ACH-002171,NCI-H250,NCIH250,,924241,central_nervous_system,SIDM00721
ACH-002172,NCI-H322M,NCIH322M,,905967,lung,
ACH-002173,NCI-H378,NCIH378,,688022,pleural_effusion,SIDM00915
ACH-002174,NCI-H720,NCIH720,,687600,lung,SIDM01120
ACH-002175,NCI-H740,NCIH740,,1331055,lymph_node,SIDM01118
ACH-002176,NCI-H748,NCIH748,,909194,lymph_node,SIDM01117
ACH-002177,NCI-H835,NCIH835,,753607,lung,SIDM01133
ACH-002178,NY,NY,,910849,bone,SIDM00569
ACH-002179,OCUB-M,OCUBM,,909256,pleural_effusion,SIDM00241
ACH-002180,OMC-1,OMC1,,949154,lymph_node,SIDM00240
ACH-002181,OVCA420,OVCA420,,1480364,ovary,SIDM00967
ACH-002182,OVCA433,OVCA433,,1480367,ovary,SIDM00966
ACH-002183,OVMIU,OVMIU,,1240200,ovary,SIDM00465
ACH-002184,PC-3_[JPC-3],PC3JPC3,,1240202,lung,SIDM00361
ACH-002185,PL18,PL18,,1240208,pancreas,SIDM00054
ACH-002186,PL4,PL4,,1298533,pancreas,SIDM00042
ACH-002187,RCC-AB,RCCAB,,1524418,kidney,SIDM00821
ACH-002188,RCC-ER,RCCER,,1524417,kidney,SIDM00820
ACH-002189,RCC-FG2,RCCFG2,,1524414,kidney,SIDM00819
ACH-002190,RCC-JF,RCCJF,,1524415,kidney,SIDM00818
ACH-002191,RCC-JW,RCCJW,,1524416,kidney,SIDM00817
ACH-002192,RCC-MF,RCCMF,,1524419,kidney,SIDM00816
ACH-002193,RERF-LC-FM,RERFLCFM,,930081,pleural_effusion,SIDM00357
ACH-002194,RH-1,RH1,,971773,bone_marrow,SIDM00427
ACH-002195,RXF393,RXF393,,905978,kidney,SIDM00086
ACH-002196,SBC-1,SBC1,,713885,lung,SIDM00365
ACH-002197,SBC-3,SBC3,,753610,bone_marrow,SIDM00367
ACH-002198,SCH,SCH,,909711,stomach,SIDM00383
ACH-002199,SN12C,SN12C,,905979,kidney,SIDM00094
ACH-002200,SW962,SW962,,909758,lymph_node,SIDM01178
ACH-002201,TC-YIK,TCYIK,,946357,cervix,SIDM00234
ACH-002202,TMK-1,TMK1,,1299069,lymph_node,SIDM00040
ACH-002204,U-CH2,UCH2,,1503373,bone,SIDM01185
ACH-002205,WM1552C,WM1552C,,1299078,skin,SIDM00976
ACH-002206,WM278,WM278,,1240226,skin,SIDM00975
ACH-002207,WM35,WM35,,1299080,skin,SIDM00974
ACH-002208,YMB-1-E,YMB1E,,1303911,ascites,SIDM01261
ACH-002209,ALL-PO,ALLPO,,910944,bone_marrow,SIDM00211
ACH-002210,ARH-77,ARH77,,906765,haematopoietic_and_lymphoid_tissue,SIDM00900
ACH-002211,BALL-1,BALL1,,910705,haematopoietic_and_lymphoid_tissue,SIDM00287
ACH-002212,BB30-HNC,BB30HNC,,753531,upper_aerodigestive_tract,SIDM00172
ACH-002213,BB49-HNC,BB49HNC,,753532,upper_aerodigestive_tract,SIDM00174
ACH-002214,BC-1,BC1,,910919,abdomen,SIDM00896
ACH-002215,BC-3,BC3,,910918,pleural_effusion,SIDM00895
ACH-002216,BE-13,BE13,,906763,haematopoietic_and_lymphoid_tissue,SIDM01245
ACH-002217,BE2-M17,BE2M17,,753616,bone_marrow,SIDM01229
ACH-002218,CESS,CESS,,910688,haematopoietic_and_lymphoid_tissue,SIDM00917
ACH-002219,COLO-320-HSR,COLO320HSR,,910569,large_intestine,SIDM00842
ACH-002220,CRO-AP2,CROAP2,,906807,pleural_effusion,SIDM00952
ACH-002221,CTB-1,CTB1,,949088,pericardial_effusion,SIDM00283
ACH-002222,CTV-1,CTV1,,753548,haematopoietic_and_lymphoid_tissue,SIDM00951
ACH-002223,D-245MG,D245MG,,946366,central_nervous_system,SIDM01021
ACH-002224,D-247MG,D247MG,,946367,central_nervous_system,SIDM00622
ACH-002225,D-263MG,D263MG,,946368,central_nervous_system,SIDM00732
ACH-002226,D-336MG,D336MG,,946369,central_nervous_system,SIDM00620
ACH-002227,D-392MG,D392MG,,946370,central_nervous_system,SIDM00542
ACH-002228,D-423MG,D423MG,,946372,central_nervous_system,SIDM00209
ACH-002229,D-502MG,D502MG,,946373,central_nervous_system,SIDM00208
ACH-002230,D-542MG,D542MG,,753549,central_nervous_system,SIDM00207
ACH-002231,D-566MG,D566MG,,946377,central_nervous_system,SIDM00206
ACH-002232,DG-75,DG75,,906838,pleural_effusion,SIDM00948
ACH-002233,DIFI,DIFI,,1789883,ascites,SIDM00049
ACH-002234,DOK,DOK,,910936,upper_aerodigestive_tract,SIDM00540
ACH-002235,DSH1,DSH1,,753552,urinary_tract,SIDM00970
ACH-002236,EB-3,EB3,,906847,haematopoietic_and_lymphoid_tissue,SIDM00793
ACH-002237,ETK-1,ETK1,,906861,biliary_tract,SIDM00276
ACH-002238,GR-ST,GRST,,906877,haematopoietic_and_lymphoid_tissue,SIDM01259
ACH-002239,H3118,H3118,,1240140,upper_aerodigestive_tract,SIDM00517
ACH-002240,H9,H9,,907043,haematopoietic_and_lymphoid_tissue,SIDM01251
ACH-002241,HAL-01,HAL01,,949153,haematopoietic_and_lymphoid_tissue,SIDM00289
ACH-002242,HC-1,HC1,,907044,haematopoietic_and_lymphoid_tissue,SIDM01073
ACH-002243,HCE-4,HCE4,,753559,oesophagus,SIDM00052
ACH-002244,HO-1-N-1,HO1N1,,924111,upper_aerodigestive_tract,SIDM00592
ACH-002245,Hs-445,HS445,,1322218,lymph_node,SIDM00668
ACH-002246,Hs-633T,HS633T,,1240149,soft_tissue,SIDM00667
ACH-002247,IM-9,IM9,,753563,haematopoietic_and_lymphoid_tissue,SIDM00632
ACH-002248,IMR-5,IMR5,,907170,abdomen,SIDM01206
ACH-002249,JHU-011,JHU011,,1240161,upper_aerodigestive_tract,SIDM00128
ACH-002250,JHU-022,JHU022,,1240162,upper_aerodigestive_tract,SIDM00127
ACH-002251,JHU-029,JHU029,,1298156,upper_aerodigestive_tract,SIDM00690
ACH-002252,JiyoyeP-2003,JIYOYEP2003,,907268,ascites,SIDM00808
ACH-002253,JSC-1,JSC1,,1327769,ascites,SIDM00688
ACH-002254,KARPAS-1106P,KARPAS1106P,,1327773,pleural_effusion,SIDM01011
ACH-002255,KARPAS-231,KARPAS231,,1327774,haematopoietic_and_lymphoid_tissue,SIDM01017
ACH-002256,KARPAS-45,KARPAS45,,907272,bone_marrow,SIDM01007
ACH-002257,KINGS-1,KINGS1,,907279,central_nervous_system,SIDM00612
ACH-002258,KMOE-2,KMOE2,,907280,haematopoietic_and_lymphoid_tissue,SIDM01019
ACH-002259,KNS-81-FD,KNS81FD,,924188,central_nervous_system,SIDM01210
ACH-002260,,,,753570,upper_aerodigestive_tract,SIDM00603
ACH-002261,KP-N-YS,KPNYS,,946363,central_nervous_system,SIDM00157
ACH-002262,KY821,KY821,,907300,central_nervous_system,SIDM00553
ACH-002263,KYSE-220,KYSE220,,1240167,oesophagus,SIDM00551
ACH-002264,KYSE-50,KYSE50,,1298222,oesophagus,SIDM00550
ACH-002265,LB771-HNC,LB771HNC,,753583,upper_aerodigestive_tract,SIDM00182
ACH-002266,LB831-BLC,LB831BLC,,753584,urinary_tract,SIDM00181
ACH-002267,LC4-1,LC41,,907787,haematopoietic_and_lymphoid_tissue,SIDM00549
ACH-002268,LN-405,LN405,,910694,central_nervous_system,SIDM00343
ACH-002269,LNZTA3WT4,LNZTA3WT4,,1240170,central_nervous_system,SIDM01220
ACH-002270,MC-CAR,MCCAR,,683665,haematopoietic_and_lymphoid_tissue,SIDM00636
ACH-002271,MFH-ino,MFHINO,,925343,soft_tissue,SIDM00299
ACH-002272,MHH-PREB-1,MHHPREB1,,908136,lymph_node,SIDM00388
ACH-002273,ML-2,ML2,,908141,haematopoietic_and_lymphoid_tissue,SIDM00441
ACH-002274,MLMA,MLMA,,908142,ascites,SIDM00561
ACH-002275,MN-60,MN60,,908143,haematopoietic_and_lymphoid_tissue,SIDM00438
ACH-002276,MY-M12,MYM12,,1330960,haematopoietic_and_lymphoid_tissue,SIDM01217
ACH-002277,NB(TU)1-10,NBTU110,,1240181,abdomen,SIDM00579
ACH-002278,NB10,NB10,,949171,central_nervous_system,SIDM00259
ACH-002279,NB12,NB12,,949172,central_nervous_system,SIDM00258
ACH-002280,NB13,NB13,,949177,central_nervous_system,SIDM00257
ACH-002281,NB14,NB14,,949178,central_nervous_system,SIDM00256
ACH-002282,NB17,NB17,,949175,central_nervous_system,SIDM00255
ACH-002283,NB5,NB5,,949176,central_nervous_system,SIDM00254
ACH-002284,NB6,NB6,,949173,central_nervous_system,SIDM00253
ACH-002285,NB7,NB7,,949174,central_nervous_system,SIDM00156
ACH-002286,NCI-H128,NCIH128,,753597,pleural_effusion,SIDM00650
ACH-002288,NEC8,NEC8,,910942,Testes,SIDM00243
ACH-002289,NK-92MI,NK92MI,,1330981,haematopoietic_and_lymphoid_tissue,SIDM01201
ACH-002290,NKM-1,NKM1,,908448,haematopoietic_and_lymphoid_tissue,SIDM00576
ACH-002291,NTERA-2 cl.D1,NTERA2CLD1,NT2/D1,908454,lung,SIDM01203
ACH-002292,OACp4C,OACP4C,,1503362,oesophagus,SIDM00445
ACH-002293,P32-ISH,P32ISH,,1330987,haematopoietic_and_lymphoid_tissue,SIDM00362
ACH-002294,PCI-15A,PCI15A,,1240204,upper_aerodigestive_tract,SIDM00270
ACH-002295,PCI-30,PCI30,,1298529,upper_aerodigestive_tract,SIDM00044
ACH-002296,PCI-38,PCI38,,1240205,upper_aerodigestive_tract,SIDM00155
ACH-002297,PCI-4B,PCI4B,,1298531,upper_aerodigestive_tract,SIDM00043
ACH-002298,PCI-6A,PCI6A,,1240206,upper_aerodigestive_tract,SIDM00115
ACH-002299,QIMR-WIL,QIMRWIL,,910545,haematopoietic_and_lymphoid_tissue,SIDM00467
ACH-002300,Ramos-2G6-4C10,RAMOS2G64C10,,910401,ascites,SIDM01247
ACH-002301,RF-48,RF48,,909697,haematopoietic_and_lymphoid_tissue,SIDM01092
ACH-002302,RPMI-8866,RPMI8866,,910544,haematopoietic_and_lymphoid_tissue,SIDM00482
ACH-002304,SK-MG-1,SKMG1,,909729,,SIDM00379
ACH-002305,SKN-3,SKN3,,1299059,upper_aerodigestive_tract,SIDM00375
ACH-002306,STS-0421,STS0421,,1299061,soft_tissue,SIDM00041
ACH-002307,SU-DHL-16,SUDHL16,,1331034,pleural_effusion,SIDM00404
ACH-002308,SUP-B8,SUPB8,,910209,haematopoietic_and_lymphoid_tissue,SIDM01177
ACH-002309,SW684,SW684,,909754,soft_tissue,SIDM01175
ACH-002310,SW872,SW872,,909756,soft_tissue,SIDM01159
ACH-002311,TE-12,TE12,,946356,oesophagus,SIDM00023
ACH-002312,TGBC24TKB,TGBC24TKB,,910695,ascites,SIDM00267
ACH-002313,TK,TK,,1331045,haematopoietic_and_lymphoid_tissue,SIDM00323
ACH-002314,TUR,TUR,,909773,pleural_effusion,SIDM01205
ACH-002316,WIL2-NS,WIL2NS,,1331049,spleen,SIDM01102
ACH-002317,YT,YT,,946358,pericardial_effusion,SIDM00410
ACH-002336,HCET,HCET,,,eye,SIDM00075
ACH-002337,JHU028,JHU028,,,lung,SIDM00902
ACH-002338,M980513,M980513,,,lymph_node,SIDM00177
ACH-002339,MOT,MOT,,,haematopoietic_and_lymphoid_tissue,SIDM00623
ACH-002340,NBSUSSR,NBSUSSR,,,autonomic_ganglia,SIDM00002
ACH-002345,CaR-1,CAR1,,,large_intestine,SIDM00488
ACH-002363,NCIBL1395,NCIBL1395,,,haematopoietic_and_lymphoid_tissue,SIDM00643
ACH-002365,NCIBL1770,NCIBL1770,,,matched_normal_tissue,SIDM00752
ACH-002366,NCIBL2009,NCIBL2009,,,matched_normal_tissue,SIDM00736
ACH-002367,NCIBL2052,NCIBL2052,,,matched_normal_tissue,SIDM00712
ACH-002368,NCIBL2087,NCIBL2087,,,matched_normal_tissue,SIDM00707
ACH-002369,NCIBL209,NCIBL209,,,matched_normal_tissue,SIDM00705
ACH-002370,NCIBL2122,NCIBL2122,,,matched_normal_tissue,SIDM00701
ACH-002371,NCIBL2126,NCIBL2126,,,pleural_effusion,SIDM00790
ACH-002372,NCIBL2171,NCIBL2171,,,matched_normal_tissue,SIDM00717
ACH-002373,HCC1187BL,HCC1187BL,,,matched_normal_tissue,SIDM00869
ACH-002374,HCC1599BL,HCC1599BL,,,matched_normal_tissue,SIDM00876
ACH-002375,HCC1937BL,HCC1937BL,,,matched_normal_tissue,SIDM00873
ACH-002377,HCC38BL,HCC38BL,,,matched_normal_tissue,SIDM00674
ACH-002378,HCC1143BL,HCC1143BL,,,matched_normal_tissue,SIDM00868
ACH-002380,COLO829BL,COLO829BL,,,matched_normal_tissue,SIDM00908
ACH-002381,HCC2157BL,HCC2157BL,,,matched_normal_tissue,SIDM00773
ACH-002382,HCC1395BL,HCC1395BL,,,matched_normal_tissue,SIDM00883
ACH-002383,HCC2218BL,HCC2218BL,,,matched_normal_tissue,SIDM00696
ACH-002384,HCC1954BL,HCC1954BL,,,matched_normal_tissue,SIDM00871
ACH-002386,M00921,M00921,,,skin,SIDM00178
ACH-002387,M1203273,M1203273,,,skin,SIDM00013
ACH-002388,MET2B,MET2B,,,skin,SIDM00221
ACH-002389,ACN,ACN,,,bone_marrow,SIDM00057
ACH-002390,MC-1010,MC1010,,,haematopoietic_and_lymphoid_tissue,SIDM00009
ACH-002391,UD-SCC-2,UDSCC2,,,upper_aerodigestive_tract,SIDM00025
ACH-002393,CRO-AP3,CROAP3,,,ascites,SIDM00070
ACH-002394,GEO,GEO,,,large_intestine,SIDM00068
ACH-002395,HuH-6 Clone 5,HUH6CLONE5,,,liver,SIDM01257
ACH-002396,Sarc9371,SARC9371,,,bone,SIDM00033
ACH-002397,KMH-2,KMHDASH2,,2054094,pleural_effusion,SIDM00619
